ticket_id,created_date,resolved_date,department,ticket_type,priority,assigned_agent,resolution_hours,sla_target_hours,met_sla
TKT-10000,2025-10-11 11:00:00,2025-10-11 13:44:19.779581,Legal,Group Membership,Medium,J. Nguyen,2.74,8,True
TKT-10001,2026-01-31 15:00:00,2026-01-31 17:03:07.594199,Operations,MFA Issue,Low,T. O'Brien,2.05,24,True
TKT-10002,2026-04-20 09:00:00,2026-04-20 09:14:08.843727,Marketing,Password Reset,Low,A. Palishchuk,0.24,24,True
TKT-10003,2026-06-10 08:00:00,2026-06-10 08:22:21.932284,HR,Access Request,Low,J. Nguyen,0.37,24,True
TKT-10004,2026-01-06 10:00:00,2026-01-06 12:15:49.106743,Operations,Access Request,High,R. Costa,2.26,2,False
TKT-10005,2025-07-21 16:00:00,2025-07-21 17:00:40.280770,Sales,Password Reset,High,J. Nguyen,1.01,2,True
TKT-10006,2026-06-11 12:00:00,2026-06-11 14:14:30.789686,HR,MFA Issue,Low,R. Costa,2.24,24,True
TKT-10007,2025-08-04 08:00:00,2025-08-04 08:33:37.151541,Marketing,MFA Issue,Medium,A. Palishchuk,0.56,8,True
TKT-10008,2026-03-17 13:00:00,2026-03-17 13:17:55.302127,Sales,Password Reset,Medium,T. O'Brien,0.3,8,True
TKT-10009,2026-03-27 15:00:00,2026-03-27 17:26:11.258530,Operations,Account Lockout,Medium,J. Nguyen,2.44,8,True
TKT-10010,2026-06-03 12:00:00,2026-06-03 12:25:13.133161,Operations,Account Lockout,High,A. Palishchuk,0.42,2,True
TKT-10011,2025-07-15 08:00:00,2025-07-15 08:19:35.454546,Legal,Password Reset,Low,M. Singh,0.33,24,True
TKT-10012,2025-09-19 15:00:00,2025-09-19 15:09:13.890712,Legal,SSO Login Failure,Medium,M. Singh,0.15,8,True
TKT-10013,2025-07-28 14:00:00,2025-07-28 14:39:06.402366,Legal,Device Enrollment,Low,J. Nguyen,0.65,24,True
TKT-10014,2026-02-01 12:00:00,2026-02-01 16:21:52.213769,Finance,SSO Login Failure,Medium,J. Nguyen,4.36,8,True
TKT-10015,2025-11-08 08:00:00,2025-11-08 08:46:08.744909,Engineering,SSO Login Failure,Low,R. Costa,0.77,24,True
TKT-10016,2025-07-15 17:00:00,2025-07-15 17:06:00.000000,Legal,Password Reset,Low,R. Costa,0.1,24,True
TKT-10017,2025-10-04 11:00:00,2025-10-04 13:44:49.438570,Engineering,Permission Change,Low,A. Palishchuk,2.75,24,True
TKT-10018,2025-07-13 14:00:00,2025-07-13 19:10:37.749603,Operations,MFA Issue,Low,J. Nguyen,5.18,24,True
TKT-10019,2025-11-11 11:00:00,2025-11-11 17:35:21.815395,HR,Permission Change,Medium,J. Nguyen,6.59,8,True
TKT-10020,2026-01-06 08:00:00,2026-01-06 08:06:00.000000,Operations,MFA Issue,Medium,T. O'Brien,0.1,8,True
TKT-10021,2026-06-24 13:00:00,2026-06-24 14:57:32.778859,Engineering,Access Request,Low,A. Palishchuk,1.96,24,True
TKT-10022,2025-11-29 13:00:00,2025-11-29 13:15:31.031584,Marketing,Password Reset,Medium,T. O'Brien,0.26,8,True
TKT-10023,2025-08-21 14:00:00,2025-08-21 16:36:53.810913,Finance,Access Request,Low,A. Palishchuk,2.61,24,True
TKT-10024,2025-07-02 09:00:00,2025-07-02 12:18:04.265403,Finance,Access Request,Low,A. Palishchuk,3.3,24,True
TKT-10025,2025-11-07 12:00:00,2025-11-07 12:59:51.796784,HR,Access Request,High,A. Palishchuk,1.0,2,True
TKT-10026,2025-12-31 08:00:00,2025-12-31 10:36:04.715079,Marketing,SSO Login Failure,Low,J. Nguyen,2.6,24,True
TKT-10027,2026-02-25 08:00:00,2026-02-25 08:35:42.201600,Engineering,Password Reset,Medium,R. Costa,0.6,8,True
TKT-10028,2026-06-11 10:00:00,2026-06-11 10:39:26.236959,Finance,Device Enrollment,Low,M. Singh,0.66,24,True
TKT-10029,2025-11-05 14:00:00,2025-11-05 16:10:08.719164,Finance,Permission Change,Low,A. Palishchuk,2.17,24,True
TKT-10030,2026-04-24 10:00:00,2026-04-24 17:51:07.995155,HR,MFA Issue,Low,R. Costa,7.85,24,True
TKT-10031,2025-07-02 08:00:00,2025-07-02 08:41:31.316382,Engineering,Password Reset,High,A. Palishchuk,0.69,2,True
TKT-10032,2026-02-18 10:00:00,2026-02-18 13:52:49.415131,Marketing,SSO Login Failure,Medium,M. Singh,3.88,8,True
TKT-10033,2025-10-24 08:00:00,2025-10-24 08:16:47.093463,Engineering,Password Reset,High,J. Nguyen,0.28,2,True
TKT-10034,2025-10-07 16:00:00,2025-10-07 16:31:01.932960,Marketing,Password Reset,Low,J. Nguyen,0.52,24,True
TKT-10035,2025-12-16 11:00:00,2025-12-16 12:01:24.422747,HR,SSO Login Failure,Low,J. Nguyen,1.02,24,True
TKT-10036,2025-11-12 10:00:00,2025-11-12 10:06:00.000000,Engineering,Account Lockout,Medium,R. Costa,0.1,8,True
TKT-10037,2025-07-22 13:00:00,2025-07-22 22:13:31.788234,Engineering,Group Membership,Low,M. Singh,9.23,24,True
TKT-10038,2026-04-12 08:00:00,2026-04-12 08:12:42.424283,Operations,Account Lockout,Low,R. Costa,0.21,24,True
TKT-10039,2025-07-04 10:00:00,2025-07-04 23:33:06.504614,Marketing,SSO Login Failure,Low,T. O'Brien,13.55,24,True
TKT-10040,2025-07-06 10:00:00,2025-07-06 10:28:54.903584,Marketing,SSO Login Failure,High,T. O'Brien,0.48,2,True
TKT-10041,2025-10-07 08:00:00,2025-10-07 08:08:15.720562,Finance,Password Reset,Low,J. Nguyen,0.14,24,True
TKT-10042,2025-11-05 09:00:00,2025-11-05 13:17:13.099747,Marketing,Access Request,High,A. Palishchuk,4.29,2,False
TKT-10043,2026-04-14 13:00:00,2026-04-14 13:40:56.787598,Sales,MFA Issue,Low,M. Singh,0.68,24,True
TKT-10044,2026-04-25 13:00:00,2026-04-25 16:13:54.769041,Engineering,MFA Issue,Low,A. Palishchuk,3.23,24,True
TKT-10045,2025-07-13 17:00:00,2025-07-13 17:06:28.820677,Marketing,Password Reset,Medium,M. Singh,0.11,8,True
TKT-10046,2025-11-20 09:00:00,2025-11-20 09:06:00.000000,Finance,Password Reset,Medium,A. Palishchuk,0.1,8,True
TKT-10047,2026-01-06 13:00:00,2026-01-06 13:06:00.000000,Marketing,Account Lockout,Low,J. Nguyen,0.1,24,True
TKT-10048,2025-10-09 08:00:00,2025-10-10 05:50:15.304126,Legal,Device Enrollment,Low,A. Palishchuk,21.84,24,True
TKT-10049,2026-06-30 11:00:00,2026-06-30 11:53:36.449784,Operations,Access Request,Medium,T. O'Brien,0.89,8,True
TKT-10050,2025-10-14 10:00:00,2025-10-14 13:45:24.812292,Legal,Device Enrollment,Low,A. Palishchuk,3.76,24,True
TKT-10051,2025-10-25 14:00:00,2025-10-25 14:21:35.039684,Sales,Access Request,Medium,A. Palishchuk,0.36,8,True
TKT-10052,2026-04-16 13:00:00,2026-04-16 13:39:24.568282,Operations,SSO Login Failure,Medium,M. Singh,0.66,8,True
TKT-10053,2025-09-07 13:00:00,2025-09-07 15:10:13.695119,Engineering,SSO Login Failure,Low,M. Singh,2.17,24,True
TKT-10054,2026-01-01 12:00:00,2026-01-01 14:31:37.555232,Operations,Password Reset,Low,R. Costa,2.53,24,True
TKT-10055,2026-02-03 17:00:00,2026-02-03 18:29:00.667535,Marketing,Access Request,Low,M. Singh,1.48,24,True
TKT-10056,2026-03-07 17:00:00,2026-03-07 17:43:31.987963,Sales,Permission Change,High,R. Costa,0.73,2,True
TKT-10057,2025-10-04 08:00:00,2025-10-04 13:44:25.264509,Legal,Access Request,Medium,T. O'Brien,5.74,8,True
TKT-10058,2025-12-07 11:00:00,2025-12-07 12:00:18.203324,Finance,Account Lockout,Low,M. Singh,1.01,24,True
TKT-10059,2025-10-09 10:00:00,2025-10-09 11:09:27.613865,Operations,Device Enrollment,Medium,A. Palishchuk,1.16,8,True
TKT-10060,2025-10-03 09:00:00,2025-10-03 09:12:18.554650,Sales,Password Reset,Medium,J. Nguyen,0.21,8,True
TKT-10061,2025-09-28 09:00:00,2025-09-28 11:18:07.464211,Sales,MFA Issue,Low,R. Costa,2.3,24,True
TKT-10062,2026-02-02 12:00:00,2026-02-02 13:39:07.878999,Engineering,Group Membership,Medium,T. O'Brien,1.65,8,True
TKT-10063,2025-08-05 09:00:00,2025-08-05 12:01:38.729719,Operations,MFA Issue,Medium,A. Palishchuk,3.03,8,True
TKT-10064,2025-12-30 14:00:00,2025-12-30 20:03:14.251573,Marketing,SSO Login Failure,Low,R. Costa,6.05,24,True
TKT-10065,2026-02-02 13:00:00,2026-02-02 13:06:25.880794,Operations,MFA Issue,Low,T. O'Brien,0.11,24,True
TKT-10066,2025-09-14 16:00:00,2025-09-14 18:42:25.756510,Engineering,MFA Issue,High,R. Costa,2.71,2,False
TKT-10067,2025-11-21 12:00:00,2025-11-21 12:24:12.187344,Operations,Password Reset,Medium,M. Singh,0.4,8,True
TKT-10068,2025-11-28 16:00:00,2025-11-28 17:05:51.991169,Marketing,Password Reset,High,R. Costa,1.1,2,True
TKT-10069,2025-11-10 10:00:00,2025-11-10 10:38:50.751900,HR,Permission Change,Low,M. Singh,0.65,24,True
TKT-10070,2026-03-10 13:00:00,2026-03-10 13:06:00.000000,Sales,Password Reset,Medium,T. O'Brien,0.1,8,True
TKT-10071,2026-01-10 12:00:00,2026-01-10 18:47:26.828322,Operations,Access Request,Low,J. Nguyen,6.79,24,True
TKT-10072,2025-11-22 14:00:00,2025-11-22 15:24:57.826796,Legal,Group Membership,Medium,R. Costa,1.42,8,True
TKT-10073,2026-06-29 13:00:00,2026-06-29 14:02:31.998556,Marketing,SSO Login Failure,Low,R. Costa,1.04,24,True
TKT-10074,2025-11-18 09:00:00,2025-11-18 09:59:11.867166,Operations,Access Request,Low,T. O'Brien,0.99,24,True
TKT-10075,2025-07-01 10:00:00,2025-07-01 10:12:41.070456,Finance,Account Lockout,High,A. Palishchuk,0.21,2,True
TKT-10076,2025-10-25 13:00:00,2025-10-25 15:26:08.974301,Legal,Device Enrollment,High,T. O'Brien,2.44,2,False
TKT-10077,2026-01-29 12:00:00,2026-01-29 12:07:03.529735,Legal,MFA Issue,Medium,R. Costa,0.12,8,True
TKT-10078,2025-07-14 08:00:00,2025-07-14 09:44:08.428478,Finance,Account Lockout,Medium,T. O'Brien,1.74,8,True
TKT-10079,2026-05-26 15:00:00,2026-05-26 18:11:23.633582,Sales,Access Request,Low,A. Palishchuk,3.19,24,True
TKT-10080,2025-09-28 15:00:00,2025-09-28 15:07:16.980336,Finance,MFA Issue,Medium,A. Palishchuk,0.12,8,True
TKT-10081,2025-11-22 16:00:00,2025-11-22 17:43:53.379752,Operations,MFA Issue,Medium,A. Palishchuk,1.73,8,True
TKT-10082,2025-08-04 13:00:00,2025-08-04 16:48:05.817882,Sales,Permission Change,Medium,A. Palishchuk,3.8,8,True
TKT-10083,2026-04-12 09:00:00,2026-04-12 13:07:55.726066,Marketing,Access Request,Low,M. Singh,4.13,24,True
TKT-10084,2026-02-09 08:00:00,2026-02-09 08:44:55.729171,Engineering,MFA Issue,Medium,T. O'Brien,0.75,8,True
TKT-10085,2025-10-06 16:00:00,2025-10-06 16:27:09.397145,Marketing,Access Request,Low,M. Singh,0.45,24,True
TKT-10086,2026-01-13 12:00:00,2026-01-13 16:23:45.057374,Operations,Group Membership,Medium,M. Singh,4.4,8,True
TKT-10087,2025-09-21 08:00:00,2025-09-21 08:33:53.042382,Operations,MFA Issue,Low,R. Costa,0.56,24,True
TKT-10088,2026-04-14 09:00:00,2026-04-14 11:10:16.357810,Sales,MFA Issue,Low,R. Costa,2.17,24,True
TKT-10089,2026-03-16 09:00:00,2026-03-16 13:06:56.062458,Marketing,Device Enrollment,Medium,M. Singh,4.12,8,True
TKT-10090,2025-10-20 14:00:00,2025-10-20 16:26:07.190504,Engineering,SSO Login Failure,Medium,T. O'Brien,2.44,8,True
TKT-10091,2026-01-08 09:00:00,2026-01-08 09:44:49.102085,Engineering,MFA Issue,Medium,A. Palishchuk,0.75,8,True
TKT-10092,2026-05-04 16:00:00,2026-05-04 19:01:49.730836,Legal,Access Request,Medium,R. Costa,3.03,8,True
TKT-10093,2025-09-19 12:00:00,2025-09-19 23:59:50.292353,Finance,Device Enrollment,Low,A. Palishchuk,12.0,24,True
TKT-10094,2025-09-07 09:00:00,2025-09-07 09:13:43.525585,Engineering,Account Lockout,Low,A. Palishchuk,0.23,24,True
TKT-10095,2025-10-19 16:00:00,2025-10-19 19:04:04.653784,HR,Access Request,Medium,A. Palishchuk,3.07,8,True
TKT-10096,2025-12-31 16:00:00,2025-12-31 21:43:36.131646,Sales,Permission Change,Low,R. Costa,5.73,24,True
TKT-10097,2025-08-20 10:00:00,2025-08-20 12:46:34.768540,Marketing,Device Enrollment,Low,A. Palishchuk,2.78,24,True
TKT-10098,2025-07-01 12:00:00,2025-07-01 15:31:59.709724,Marketing,Access Request,Low,J. Nguyen,3.53,24,True
TKT-10099,2025-09-11 17:00:00,2025-09-11 17:25:35.317747,Marketing,Device Enrollment,Medium,A. Palishchuk,0.43,8,True
TKT-10100,2025-08-17 08:00:00,2025-08-17 10:04:08.529097,Operations,MFA Issue,Medium,T. O'Brien,2.07,8,True
TKT-10101,2026-04-29 15:00:00,2026-04-29 17:45:42.751361,Sales,Access Request,Medium,M. Singh,2.76,8,True
TKT-10102,2025-07-14 15:00:00,2025-07-14 15:55:49.310569,Engineering,Password Reset,Medium,R. Costa,0.93,8,True
TKT-10103,2026-03-31 17:00:00,2026-03-31 17:12:57.713429,Legal,MFA Issue,Low,J. Nguyen,0.22,24,True
TKT-10104,2026-01-18 14:00:00,2026-01-18 14:46:25.179596,HR,MFA Issue,Low,A. Palishchuk,0.77,24,True
TKT-10105,2025-07-13 11:00:00,2025-07-13 19:09:44.721878,Sales,Access Request,Low,A. Palishchuk,8.16,24,True
TKT-10106,2025-10-19 13:00:00,2025-10-19 13:25:25.593553,Engineering,Account Lockout,Medium,J. Nguyen,0.42,8,True
TKT-10107,2025-10-09 13:00:00,2025-10-09 14:07:14.608543,Engineering,Permission Change,Medium,T. O'Brien,1.12,8,True
TKT-10108,2026-02-14 16:00:00,2026-02-14 16:19:24.535814,Legal,MFA Issue,Low,R. Costa,0.32,24,True
TKT-10109,2026-06-15 15:00:00,2026-06-15 18:51:56.679194,Operations,Permission Change,Low,T. O'Brien,3.87,24,True
TKT-10110,2026-02-08 13:00:00,2026-02-08 20:13:20.923043,Marketing,Access Request,High,T. O'Brien,7.22,2,False
TKT-10111,2025-10-02 15:00:00,2025-10-02 17:32:05.791574,Engineering,SSO Login Failure,Medium,R. Costa,2.53,8,True
TKT-10112,2025-12-20 12:00:00,2025-12-20 12:21:36.698247,Finance,Password Reset,Low,M. Singh,0.36,24,True
TKT-10113,2025-11-17 08:00:00,2025-11-17 08:50:55.290270,Engineering,Account Lockout,Low,T. O'Brien,0.85,24,True
TKT-10114,2026-05-29 10:00:00,2026-05-29 10:06:00.000000,Legal,Password Reset,Low,R. Costa,0.1,24,True
TKT-10115,2025-07-13 15:00:00,2025-07-13 22:26:12.907614,Finance,Device Enrollment,Low,A. Palishchuk,7.44,24,True
TKT-10116,2025-08-07 14:00:00,2025-08-08 02:21:46.367485,HR,Device Enrollment,Low,T. O'Brien,12.36,24,True
TKT-10117,2026-05-30 12:00:00,2026-05-30 12:14:23.809098,Engineering,SSO Login Failure,High,T. O'Brien,0.24,2,True
TKT-10118,2026-05-16 13:00:00,2026-05-16 13:52:47.850928,Operations,Password Reset,Medium,A. Palishchuk,0.88,8,True
TKT-10119,2026-04-12 10:00:00,2026-04-12 10:32:49.584550,Sales,Password Reset,Medium,T. O'Brien,0.55,8,True
TKT-10120,2025-09-27 17:00:00,2025-09-27 20:28:10.737432,Marketing,Access Request,Medium,T. O'Brien,3.47,8,True
TKT-10121,2025-11-02 13:00:00,2025-11-02 19:43:11.856126,Finance,Access Request,Low,T. O'Brien,6.72,24,True
TKT-10122,2026-05-05 15:00:00,2026-05-05 15:50:49.938745,Engineering,MFA Issue,Medium,R. Costa,0.85,8,True
TKT-10123,2025-08-11 11:00:00,2025-08-11 14:48:43.449445,Legal,Device Enrollment,Medium,R. Costa,3.81,8,True
TKT-10124,2025-12-04 13:00:00,2025-12-04 16:00:55.134169,Finance,SSO Login Failure,Medium,A. Palishchuk,3.02,8,True
TKT-10125,2025-09-24 09:00:00,2025-09-24 09:30:08.674244,Marketing,SSO Login Failure,High,R. Costa,0.5,2,True
TKT-10126,2026-04-29 11:00:00,2026-04-29 15:11:11.062621,Operations,Access Request,Medium,R. Costa,4.19,8,True
TKT-10127,2026-05-20 09:00:00,2026-05-20 09:25:00.441382,Sales,Password Reset,Medium,A. Palishchuk,0.42,8,True
TKT-10128,2025-09-07 11:00:00,2025-09-07 11:15:45.657779,Legal,Password Reset,High,R. Costa,0.26,2,True
TKT-10129,2026-04-28 17:00:00,2026-04-28 17:42:32.429659,Legal,Account Lockout,Medium,M. Singh,0.71,8,True
TKT-10130,2025-12-18 11:00:00,2025-12-18 11:06:00.000000,Legal,Permission Change,Medium,A. Palishchuk,0.1,8,True
TKT-10131,2025-09-30 17:00:00,2025-09-30 17:06:00.000000,Finance,Password Reset,Low,T. O'Brien,0.1,24,True
TKT-10132,2026-03-14 12:00:00,2026-03-14 12:23:57.976365,Finance,Group Membership,Medium,J. Nguyen,0.4,8,True
TKT-10133,2025-08-24 10:00:00,2025-08-24 10:06:00.000000,Finance,Account Lockout,Low,A. Palishchuk,0.1,24,True
TKT-10134,2026-05-09 12:00:00,2026-05-09 12:31:18.892209,Sales,Account Lockout,Low,T. O'Brien,0.52,24,True
TKT-10135,2026-01-26 09:00:00,2026-01-26 09:08:00.934567,Engineering,Permission Change,Medium,A. Palishchuk,0.13,8,True
TKT-10136,2025-11-29 16:00:00,2025-11-30 11:12:49.260006,Finance,Access Request,Low,M. Singh,19.21,24,True
TKT-10137,2025-11-27 17:00:00,2025-11-27 17:06:00.000000,HR,Password Reset,Medium,J. Nguyen,0.1,8,True
TKT-10138,2025-11-25 13:00:00,2025-11-25 13:48:56.279943,Legal,Permission Change,Medium,R. Costa,0.82,8,True
TKT-10139,2025-11-18 14:00:00,2025-11-18 16:34:44.550094,Marketing,Access Request,Medium,A. Palishchuk,2.58,8,True
TKT-10140,2026-04-12 15:00:00,2026-04-12 16:13:14.416391,Sales,Account Lockout,Low,R. Costa,1.22,24,True
TKT-10141,2025-10-21 09:00:00,2025-10-21 09:39:07.461427,Operations,Access Request,Medium,A. Palishchuk,0.65,8,True
TKT-10142,2025-11-08 17:00:00,2025-11-08 17:47:17.643665,Legal,MFA Issue,Medium,T. O'Brien,0.79,8,True
TKT-10143,2026-04-14 09:00:00,2026-04-14 13:10:19.861544,Engineering,Permission Change,Low,A. Palishchuk,4.17,24,True
TKT-10144,2026-03-12 15:00:00,2026-03-12 15:06:00.000000,Finance,Password Reset,Medium,R. Costa,0.1,8,True
TKT-10145,2026-03-21 09:00:00,2026-03-21 11:46:22.616652,Marketing,Device Enrollment,High,T. O'Brien,2.77,2,False
TKT-10146,2025-12-12 13:00:00,2025-12-12 14:28:23.840791,Legal,Password Reset,Low,R. Costa,1.47,24,True
TKT-10147,2025-12-08 14:00:00,2025-12-09 03:35:30.836725,Operations,Device Enrollment,Low,J. Nguyen,13.59,24,True
TKT-10148,2025-07-02 08:00:00,2025-07-02 09:57:07.634300,Sales,Device Enrollment,Low,J. Nguyen,1.95,24,True
TKT-10149,2025-10-27 11:00:00,2025-10-27 11:46:58.766456,Sales,Account Lockout,Low,T. O'Brien,0.78,24,True
TKT-10150,2026-06-20 11:00:00,2026-06-20 11:21:50.114562,Marketing,Group Membership,Medium,R. Costa,0.36,8,True
TKT-10151,2026-01-31 08:00:00,2026-01-31 16:07:17.393560,Sales,Access Request,Medium,R. Costa,8.12,8,False
TKT-10152,2026-06-24 16:00:00,2026-06-24 18:04:49.123494,Sales,Password Reset,Medium,T. O'Brien,2.08,8,True
TKT-10153,2025-10-06 14:00:00,2025-10-06 15:30:30.981676,Sales,SSO Login Failure,Medium,R. Costa,1.51,8,True
TKT-10154,2025-08-03 08:00:00,2025-08-03 17:56:05.199573,Operations,Access Request,Low,A. Palishchuk,9.93,24,True
TKT-10155,2025-07-27 16:00:00,2025-07-27 16:25:58.746511,Operations,MFA Issue,Medium,M. Singh,0.43,8,True
TKT-10156,2025-12-20 08:00:00,2025-12-20 13:42:26.611468,Sales,Access Request,Low,A. Palishchuk,5.71,24,True
TKT-10157,2026-06-28 08:00:00,2026-06-28 08:08:26.700060,Operations,Password Reset,Medium,T. O'Brien,0.14,8,True
TKT-10158,2025-07-11 11:00:00,2025-07-11 13:10:21.623447,Sales,SSO Login Failure,Low,J. Nguyen,2.17,24,True
TKT-10159,2025-11-29 13:00:00,2025-11-29 13:12:16.138585,Legal,Password Reset,Low,A. Palishchuk,0.2,24,True
TKT-10160,2026-02-12 11:00:00,2026-02-12 11:35:25.723486,Sales,Password Reset,Low,R. Costa,0.59,24,True
TKT-10161,2025-09-11 16:00:00,2025-09-11 18:22:48.103615,Sales,MFA Issue,Low,J. Nguyen,2.38,24,True
TKT-10162,2026-04-17 10:00:00,2026-04-17 12:13:52.445713,Marketing,Password Reset,Low,R. Costa,2.23,24,True
TKT-10163,2026-04-01 12:00:00,2026-04-01 12:06:00.000000,Sales,Password Reset,High,M. Singh,0.1,2,True
TKT-10164,2026-04-29 15:00:00,2026-04-29 17:50:46.371071,Operations,SSO Login Failure,Medium,M. Singh,2.85,8,True
TKT-10165,2026-01-14 15:00:00,2026-01-14 15:29:15.092166,Sales,MFA Issue,Low,A. Palishchuk,0.49,24,True
TKT-10166,2025-07-26 17:00:00,2025-07-26 17:21:54.622198,Marketing,Account Lockout,High,T. O'Brien,0.37,2,True
TKT-10167,2026-03-27 12:00:00,2026-03-27 12:19:06.472263,Engineering,SSO Login Failure,Low,T. O'Brien,0.32,24,True
TKT-10168,2025-09-20 11:00:00,2025-09-20 22:28:34.982469,Finance,Device Enrollment,Low,M. Singh,11.48,24,True
TKT-10169,2025-11-29 10:00:00,2025-11-29 12:06:31.459097,Engineering,Account Lockout,Low,J. Nguyen,2.11,24,True
TKT-10170,2025-12-30 14:00:00,2025-12-30 14:30:14.491024,Operations,Password Reset,Low,M. Singh,0.5,24,True
TKT-10171,2026-01-26 08:00:00,2026-01-26 09:03:39.105259,Legal,Permission Change,Medium,R. Costa,1.06,8,True
TKT-10172,2025-08-03 14:00:00,2025-08-03 15:45:10.887712,Engineering,Password Reset,Low,T. O'Brien,1.75,24,True
TKT-10173,2025-07-29 08:00:00,2025-07-29 15:42:09.924046,HR,Access Request,Low,T. O'Brien,7.7,24,True
TKT-10174,2026-03-23 16:00:00,2026-03-23 17:58:36.028303,Finance,MFA Issue,Medium,A. Palishchuk,1.98,8,True
TKT-10175,2025-11-19 15:00:00,2025-11-19 15:31:07.749385,Finance,MFA Issue,Low,A. Palishchuk,0.52,24,True
TKT-10176,2025-09-11 08:00:00,2025-09-12 08:26:16.275077,Operations,Access Request,Low,M. Singh,24.44,24,False
TKT-10177,2026-01-14 14:00:00,2026-01-14 15:30:43.091508,Operations,Permission Change,High,T. O'Brien,1.51,2,True
TKT-10178,2026-01-15 11:00:00,2026-01-15 12:10:56.656124,Marketing,Password Reset,Low,R. Costa,1.18,24,True
TKT-10179,2026-05-26 09:00:00,2026-05-27 09:35:32.313963,Marketing,Access Request,Low,M. Singh,24.59,24,False
TKT-10180,2025-08-23 14:00:00,2025-08-24 02:40:19.630005,Operations,Permission Change,High,A. Palishchuk,12.67,2,False
TKT-10181,2025-12-25 09:00:00,2025-12-25 13:23:56.305708,Marketing,SSO Login Failure,Low,R. Costa,4.4,24,True
TKT-10182,2025-09-27 16:00:00,2025-09-27 17:28:02.859191,Engineering,Permission Change,High,A. Palishchuk,1.47,2,True
TKT-10183,2025-07-29 16:00:00,2025-07-29 16:06:00.000000,Legal,Password Reset,High,M. Singh,0.1,2,True
TKT-10184,2026-03-18 09:00:00,2026-03-18 11:20:45.689651,Operations,Access Request,Low,A. Palishchuk,2.35,24,True
TKT-10185,2025-08-06 12:00:00,2025-08-06 20:21:52.718872,Marketing,Group Membership,Low,R. Costa,8.36,24,True
TKT-10186,2026-01-02 10:00:00,2026-01-02 11:15:04.104042,Operations,MFA Issue,Medium,M. Singh,1.25,8,True
TKT-10187,2026-02-01 10:00:00,2026-02-01 10:53:24.723725,Finance,Permission Change,Low,J. Nguyen,0.89,24,True
TKT-10188,2025-08-14 16:00:00,2025-08-14 22:14:35.498649,HR,Permission Change,Low,A. Palishchuk,6.24,24,True
TKT-10189,2026-02-20 17:00:00,2026-02-20 17:06:00.000000,Engineering,Access Request,High,A. Palishchuk,0.1,2,True
TKT-10190,2025-08-08 09:00:00,2025-08-08 12:32:27.515496,Legal,Device Enrollment,Medium,A. Palishchuk,3.54,8,True
TKT-10191,2025-07-13 08:00:00,2025-07-13 11:41:13.974627,Operations,Access Request,Low,M. Singh,3.69,24,True
TKT-10192,2026-05-22 10:00:00,2026-05-22 16:35:35.673200,Legal,SSO Login Failure,Medium,J. Nguyen,6.59,8,True
TKT-10193,2026-05-31 12:00:00,2026-05-31 12:20:57.536754,Sales,Password Reset,High,T. O'Brien,0.35,2,True
TKT-10194,2026-01-08 08:00:00,2026-01-08 09:16:59.838932,Marketing,SSO Login Failure,Medium,R. Costa,1.28,8,True
TKT-10195,2026-01-26 09:00:00,2026-01-26 10:46:17.565639,Engineering,Group Membership,Medium,A. Palishchuk,1.77,8,True
TKT-10196,2025-07-07 08:00:00,2025-07-07 10:52:09.571437,Sales,MFA Issue,Low,A. Palishchuk,2.87,24,True
TKT-10197,2026-02-11 11:00:00,2026-02-11 12:23:37.244332,Legal,Access Request,Low,T. O'Brien,1.39,24,True
TKT-10198,2025-09-13 11:00:00,2025-09-13 12:18:25.820726,Engineering,Device Enrollment,Medium,A. Palishchuk,1.31,8,True
TKT-10199,2026-06-02 15:00:00,2026-06-02 16:57:33.572569,Engineering,Access Request,High,T. O'Brien,1.96,2,True
TKT-10200,2025-11-24 16:00:00,2025-11-24 19:01:00.090035,Marketing,Access Request,Low,A. Palishchuk,3.02,24,True
TKT-10201,2025-12-10 08:00:00,2025-12-10 09:56:52.060586,Engineering,Account Lockout,Low,T. O'Brien,1.95,24,True
TKT-10202,2025-11-22 12:00:00,2025-11-22 12:29:28.517941,Legal,Password Reset,Low,R. Costa,0.49,24,True
TKT-10203,2025-12-28 15:00:00,2025-12-28 21:22:08.724561,Finance,Permission Change,Medium,A. Palishchuk,6.37,8,True
TKT-10204,2026-03-30 11:00:00,2026-03-30 16:16:35.446457,Legal,Access Request,Low,M. Singh,5.28,24,True
TKT-10205,2025-10-25 09:00:00,2025-10-25 12:56:52.540115,Operations,Device Enrollment,Low,A. Palishchuk,3.95,24,True
TKT-10206,2026-05-16 09:00:00,2026-05-16 11:04:08.429846,Operations,Access Request,Medium,M. Singh,2.07,8,True
TKT-10207,2025-10-10 16:00:00,2025-10-10 16:06:00.000000,Finance,Password Reset,Low,A. Palishchuk,0.1,24,True
TKT-10208,2025-08-15 13:00:00,2025-08-15 13:36:54.492545,Sales,Account Lockout,Medium,J. Nguyen,0.62,8,True
TKT-10209,2025-07-02 08:00:00,2025-07-02 08:06:00.000000,HR,Password Reset,Low,J. Nguyen,0.1,24,True
TKT-10210,2025-10-11 09:00:00,2025-10-11 13:36:28.814020,Legal,Group Membership,Low,A. Palishchuk,4.61,24,True
TKT-10211,2026-05-01 15:00:00,2026-05-01 15:06:00.000000,Marketing,Account Lockout,Medium,R. Costa,0.1,8,True
TKT-10212,2026-02-08 16:00:00,2026-02-08 17:30:08.931483,Marketing,SSO Login Failure,High,M. Singh,1.5,2,True
TKT-10213,2025-10-19 14:00:00,2025-10-19 14:40:57.000581,Marketing,Account Lockout,Medium,J. Nguyen,0.68,8,True
TKT-10214,2025-07-03 16:00:00,2025-07-03 16:50:19.427632,HR,Password Reset,Low,A. Palishchuk,0.84,24,True
TKT-10215,2025-07-25 10:00:00,2025-07-25 10:07:23.688974,Operations,Password Reset,High,M. Singh,0.12,2,True
TKT-10216,2025-12-30 10:00:00,2025-12-30 10:41:18.501715,Operations,Password Reset,Low,T. O'Brien,0.69,24,True
TKT-10217,2026-06-26 10:00:00,2026-06-26 10:09:43.083561,Marketing,Password Reset,Low,A. Palishchuk,0.16,24,True
TKT-10218,2026-06-18 14:00:00,2026-06-18 18:40:33.782605,Operations,Access Request,High,T. O'Brien,4.68,2,False
TKT-10219,2026-04-19 11:00:00,2026-04-19 12:24:20.766208,Sales,SSO Login Failure,Medium,T. O'Brien,1.41,8,True
TKT-10220,2025-10-04 16:00:00,2025-10-04 20:00:03.620958,Sales,Access Request,Medium,R. Costa,4.0,8,True
TKT-10221,2026-03-19 14:00:00,2026-03-19 17:39:06.602073,HR,MFA Issue,Medium,J. Nguyen,3.65,8,True
TKT-10222,2025-07-18 15:00:00,2025-07-19 00:43:28.977543,HR,Device Enrollment,Low,T. O'Brien,9.72,24,True
TKT-10223,2025-09-25 17:00:00,2025-09-25 17:10:46.843497,Operations,MFA Issue,High,A. Palishchuk,0.18,2,True
TKT-10224,2025-08-10 13:00:00,2025-08-10 16:45:38.863150,Finance,Permission Change,Low,M. Singh,3.76,24,True
TKT-10225,2026-02-16 13:00:00,2026-02-16 13:29:47.421157,Engineering,Account Lockout,Low,M. Singh,0.5,24,True
TKT-10226,2025-12-11 14:00:00,2025-12-11 14:35:43.563249,Marketing,Access Request,Low,J. Nguyen,0.6,24,True
TKT-10227,2025-10-01 17:00:00,2025-10-01 17:34:54.796570,Engineering,Account Lockout,Low,T. O'Brien,0.58,24,True
TKT-10228,2026-05-09 13:00:00,2026-05-09 13:51:59.992483,Operations,Password Reset,Low,R. Costa,0.87,24,True
TKT-10229,2026-05-01 08:00:00,2026-05-01 13:11:29.029629,Marketing,SSO Login Failure,Low,A. Palishchuk,5.19,24,True
TKT-10230,2026-05-30 09:00:00,2026-05-30 09:06:00.000000,Finance,Password Reset,Low,A. Palishchuk,0.1,24,True
TKT-10231,2026-01-14 12:00:00,2026-01-14 15:40:48.565271,Marketing,Permission Change,Low,M. Singh,3.68,24,True
TKT-10232,2026-04-02 12:00:00,2026-04-02 12:06:18.703982,Finance,Access Request,Medium,R. Costa,0.11,8,True
TKT-10233,2026-01-01 14:00:00,2026-01-01 18:01:35.446789,HR,Access Request,Medium,R. Costa,4.03,8,True
TKT-10234,2025-11-28 11:00:00,2025-11-28 13:54:34.948311,Sales,SSO Login Failure,Low,A. Palishchuk,2.91,24,True
TKT-10235,2026-03-21 13:00:00,2026-03-21 19:08:03.794486,Legal,Permission Change,Low,T. O'Brien,6.13,24,True
TKT-10236,2025-10-22 09:00:00,2025-10-22 09:22:49.530329,HR,Account Lockout,High,A. Palishchuk,0.38,2,True
TKT-10237,2026-06-10 11:00:00,2026-06-10 12:02:55.134848,Operations,Account Lockout,Low,M. Singh,1.05,24,True
TKT-10238,2026-06-26 17:00:00,2026-06-26 18:48:39.845144,Legal,MFA Issue,Low,T. O'Brien,1.81,24,True
TKT-10239,2025-12-16 16:00:00,2025-12-16 19:20:53.593525,Finance,Permission Change,Medium,A. Palishchuk,3.35,8,True
TKT-10240,2025-10-06 13:00:00,2025-10-06 15:28:27.072352,Sales,MFA Issue,Medium,T. O'Brien,2.47,8,True
TKT-10241,2026-04-05 10:00:00,2026-04-05 11:49:53.417079,Legal,Permission Change,Low,A. Palishchuk,1.83,24,True
TKT-10242,2025-11-20 08:00:00,2025-11-20 10:19:06.615044,HR,MFA Issue,Low,R. Costa,2.32,24,True
TKT-10243,2026-05-01 08:00:00,2026-05-01 14:53:55.555663,Marketing,Access Request,Low,M. Singh,6.9,24,True
TKT-10244,2026-03-22 10:00:00,2026-03-22 16:45:44.217206,HR,Access Request,High,A. Palishchuk,6.76,2,False
TKT-10245,2025-12-01 16:00:00,2025-12-01 22:46:10.942421,HR,Access Request,Low,R. Costa,6.77,24,True
TKT-10246,2025-08-12 14:00:00,2025-08-13 05:33:50.377050,Operations,Device Enrollment,Medium,T. O'Brien,15.56,8,False
TKT-10247,2025-10-15 14:00:00,2025-10-16 06:05:11.561067,HR,Permission Change,Low,T. O'Brien,16.09,24,True
TKT-10248,2026-03-28 11:00:00,2026-03-28 11:33:21.925437,Operations,Permission Change,Low,R. Costa,0.56,24,True
TKT-10249,2025-08-21 10:00:00,2025-08-21 11:13:58.596832,Sales,Account Lockout,Low,A. Palishchuk,1.23,24,True
TKT-10250,2025-11-09 17:00:00,2025-11-09 17:44:34.464841,Sales,Password Reset,Low,M. Singh,0.74,24,True
TKT-10251,2025-12-06 14:00:00,2025-12-06 14:18:26.176541,HR,MFA Issue,Medium,J. Nguyen,0.31,8,True
TKT-10252,2026-03-20 13:00:00,2026-03-20 20:49:18.792019,Engineering,Access Request,Low,A. Palishchuk,7.82,24,True
TKT-10253,2025-10-26 12:00:00,2025-10-26 13:14:21.239843,Sales,Permission Change,Low,A. Palishchuk,1.24,24,True
TKT-10254,2025-10-29 17:00:00,2025-10-29 18:24:20.532945,Operations,Permission Change,Low,J. Nguyen,1.41,24,True
TKT-10255,2025-11-29 10:00:00,2025-11-29 18:17:28.688098,Engineering,Device Enrollment,Medium,R. Costa,8.29,8,False
TKT-10256,2026-02-27 12:00:00,2026-02-27 12:59:35.329674,Legal,Password Reset,Medium,R. Costa,0.99,8,True
TKT-10257,2025-11-27 12:00:00,2025-11-27 12:35:36.227616,Sales,Account Lockout,Medium,A. Palishchuk,0.59,8,True
TKT-10258,2025-09-15 16:00:00,2025-09-15 16:31:41.123299,Operations,Access Request,High,M. Singh,0.53,2,True
TKT-10259,2025-08-11 13:00:00,2025-08-11 13:06:00.000000,HR,Access Request,Medium,M. Singh,0.1,8,True
TKT-10260,2025-09-06 17:00:00,2025-09-06 18:19:58.908658,HR,MFA Issue,High,A. Palishchuk,1.33,2,True
TKT-10261,2026-06-18 11:00:00,2026-06-18 11:10:01.454482,Finance,Password Reset,Low,R. Costa,0.17,24,True
TKT-10262,2026-03-26 08:00:00,2026-03-26 08:21:44.948759,Operations,Device Enrollment,Medium,A. Palishchuk,0.36,8,True
TKT-10263,2026-01-16 09:00:00,2026-01-16 10:35:13.209875,Marketing,SSO Login Failure,Low,M. Singh,1.59,24,True
TKT-10264,2026-01-31 09:00:00,2026-01-31 09:31:55.574857,HR,MFA Issue,High,A. Palishchuk,0.53,2,True
TKT-10265,2026-04-26 17:00:00,2026-04-26 21:34:03.630569,Finance,Group Membership,Low,A. Palishchuk,4.57,24,True
TKT-10266,2025-10-14 16:00:00,2025-10-14 18:19:34.729274,HR,Device Enrollment,Low,R. Costa,2.33,24,True
TKT-10267,2025-07-30 14:00:00,2025-08-01 04:08:49.591334,HR,Access Request,Low,A. Palishchuk,38.15,24,False
TKT-10268,2026-04-12 12:00:00,2026-04-12 13:00:28.653893,Finance,Password Reset,Low,R. Costa,1.01,24,True
TKT-10269,2025-08-07 11:00:00,2025-08-07 11:56:20.401815,Sales,SSO Login Failure,Low,J. Nguyen,0.94,24,True
TKT-10270,2026-06-26 12:00:00,2026-06-26 13:23:23.766737,Engineering,MFA Issue,Low,J. Nguyen,1.39,24,True
TKT-10271,2025-12-01 11:00:00,2025-12-01 19:01:26.263168,Legal,Permission Change,Low,T. O'Brien,8.02,24,True
TKT-10272,2025-10-09 11:00:00,2025-10-09 11:06:00.000000,Sales,Password Reset,High,R. Costa,0.1,2,True
TKT-10273,2025-12-05 15:00:00,2025-12-05 15:54:49.898136,Legal,Access Request,Medium,J. Nguyen,0.91,8,True
TKT-10274,2025-09-11 12:00:00,2025-09-11 12:09:52.268085,Marketing,Password Reset,Low,T. O'Brien,0.16,24,True
TKT-10275,2026-03-13 17:00:00,2026-03-14 05:52:26.193114,HR,Device Enrollment,Low,R. Costa,12.87,24,True
TKT-10276,2026-05-17 13:00:00,2026-05-18 08:50:47.430751,Marketing,Device Enrollment,Low,A. Palishchuk,19.85,24,True
TKT-10277,2025-10-25 09:00:00,2025-10-25 09:06:00.000000,HR,Password Reset,Low,A. Palishchuk,0.1,24,True
TKT-10278,2025-07-12 11:00:00,2025-07-12 18:59:12.493659,Operations,Access Request,Low,A. Palishchuk,7.99,24,True
TKT-10279,2025-11-07 14:00:00,2025-11-07 14:59:11.173454,Sales,Password Reset,Low,A. Palishchuk,0.99,24,True
TKT-10280,2026-03-24 09:00:00,2026-03-24 11:03:27.536540,Engineering,Password Reset,Medium,A. Palishchuk,2.06,8,True
TKT-10281,2025-11-26 16:00:00,2025-11-26 17:16:20.098956,HR,Device Enrollment,Low,R. Costa,1.27,24,True
TKT-10282,2026-03-17 14:00:00,2026-03-17 14:29:11.426130,Operations,MFA Issue,Low,R. Costa,0.49,24,True
TKT-10283,2025-11-01 13:00:00,2025-11-02 05:58:46.539360,Marketing,Access Request,Low,M. Singh,16.98,24,True
TKT-10284,2025-07-07 13:00:00,2025-07-07 20:19:59.849871,Marketing,Device Enrollment,Medium,A. Palishchuk,7.33,8,True
TKT-10285,2025-08-31 12:00:00,2025-08-31 12:55:42.279755,Sales,Password Reset,Low,A. Palishchuk,0.93,24,True
TKT-10286,2025-09-03 12:00:00,2025-09-03 13:06:30.868551,Operations,Device Enrollment,Medium,T. O'Brien,1.11,8,True
TKT-10287,2025-12-11 08:00:00,2025-12-11 08:18:10.489736,HR,Password Reset,Medium,A. Palishchuk,0.3,8,True
TKT-10288,2025-10-25 17:00:00,2025-10-25 17:06:00.000000,Sales,Password Reset,High,R. Costa,0.1,2,True
TKT-10289,2026-02-18 11:00:00,2026-02-19 07:20:09.900484,Finance,Device Enrollment,Low,T. O'Brien,20.34,24,True
TKT-10290,2025-07-17 15:00:00,2025-07-17 15:51:47.956464,Operations,MFA Issue,Medium,A. Palishchuk,0.86,8,True
TKT-10291,2026-02-27 17:00:00,2026-02-27 19:36:56.114977,Legal,MFA Issue,Medium,M. Singh,2.62,8,True
TKT-10292,2026-01-30 15:00:00,2026-01-30 15:32:20.644282,Operations,MFA Issue,High,A. Palishchuk,0.54,2,True
TKT-10293,2025-09-25 12:00:00,2025-09-25 12:53:28.695327,Finance,Password Reset,Low,A. Palishchuk,0.89,24,True
TKT-10294,2025-11-29 08:00:00,2025-11-29 09:18:26.614466,Marketing,Group Membership,Medium,T. O'Brien,1.31,8,True
TKT-10295,2026-01-27 14:00:00,2026-01-27 17:27:11.274018,Operations,Device Enrollment,Low,M. Singh,3.45,24,True
TKT-10296,2026-06-17 15:00:00,2026-06-17 15:10:01.929250,HR,MFA Issue,Low,T. O'Brien,0.17,24,True
TKT-10297,2025-11-13 15:00:00,2025-11-13 15:13:28.275847,Finance,Account Lockout,Low,A. Palishchuk,0.22,24,True
TKT-10298,2026-05-20 16:00:00,2026-05-20 16:06:00.000000,Sales,Account Lockout,Medium,J. Nguyen,0.1,8,True
TKT-10299,2025-12-11 15:00:00,2025-12-11 16:38:38.913764,HR,Password Reset,Low,A. Palishchuk,1.64,24,True
TKT-10300,2025-07-10 08:00:00,2025-07-10 10:25:13.806368,Engineering,Permission Change,Low,R. Costa,2.42,24,True
TKT-10301,2025-10-22 13:00:00,2025-10-22 14:00:51.340873,Engineering,MFA Issue,High,T. O'Brien,1.01,2,True
TKT-10302,2025-10-30 14:00:00,2025-10-30 18:05:00.794060,Operations,Permission Change,Low,M. Singh,4.08,24,True
TKT-10303,2025-11-26 15:00:00,2025-11-26 15:23:54.069515,Engineering,SSO Login Failure,Medium,J. Nguyen,0.4,8,True
TKT-10304,2025-11-27 16:00:00,2025-11-27 16:56:11.505718,Operations,Permission Change,Low,M. Singh,0.94,24,True
TKT-10305,2026-04-09 09:00:00,2026-04-09 09:55:06.573127,Operations,Password Reset,Medium,J. Nguyen,0.92,8,True
TKT-10306,2026-01-05 08:00:00,2026-01-05 14:29:35.471394,Operations,Access Request,Low,A. Palishchuk,6.49,24,True
TKT-10307,2025-10-16 16:00:00,2025-10-16 17:36:34.537495,Finance,SSO Login Failure,Low,M. Singh,1.61,24,True
TKT-10308,2025-07-03 08:00:00,2025-07-03 12:07:53.522652,Sales,MFA Issue,Low,A. Palishchuk,4.13,24,True
TKT-10309,2025-07-10 12:00:00,2025-07-10 12:24:59.654885,Finance,SSO Login Failure,Medium,J. Nguyen,0.42,8,True
TKT-10310,2025-09-24 17:00:00,2025-09-24 20:33:37.335598,Marketing,SSO Login Failure,Low,M. Singh,3.56,24,True
TKT-10311,2025-07-20 10:00:00,2025-07-20 14:31:55.791274,Sales,Device Enrollment,Low,J. Nguyen,4.53,24,True
TKT-10312,2025-11-09 11:00:00,2025-11-09 11:57:50.093079,Marketing,Device Enrollment,Low,J. Nguyen,0.96,24,True
TKT-10313,2026-06-24 12:00:00,2026-06-24 12:07:48.143003,Operations,Password Reset,Low,A. Palishchuk,0.13,24,True
TKT-10314,2025-10-27 14:00:00,2025-10-27 14:24:08.327056,Sales,Access Request,Medium,R. Costa,0.4,8,True
TKT-10315,2026-03-11 15:00:00,2026-03-11 15:14:09.056003,HR,Account Lockout,Medium,J. Nguyen,0.24,8,True
TKT-10316,2026-05-15 10:00:00,2026-05-15 10:59:55.733363,Marketing,Password Reset,Low,A. Palishchuk,1.0,24,True
TKT-10317,2026-06-21 10:00:00,2026-06-21 13:06:09.769535,Legal,Access Request,Low,A. Palishchuk,3.1,24,True
TKT-10318,2026-05-15 11:00:00,2026-05-15 11:43:38.914305,Finance,Password Reset,Medium,T. O'Brien,0.73,8,True
TKT-10319,2026-04-27 08:00:00,2026-04-27 17:14:27.296910,Engineering,Access Request,Medium,M. Singh,9.24,8,False
TKT-10320,2025-08-16 14:00:00,2025-08-16 14:09:10.596792,Operations,Account Lockout,Medium,T. O'Brien,0.15,8,True
TKT-10321,2026-03-16 08:00:00,2026-03-16 08:53:49.843190,Engineering,Account Lockout,Medium,J. Nguyen,0.9,8,True
TKT-10322,2026-03-02 10:00:00,2026-03-02 14:01:11.353960,Operations,MFA Issue,Low,R. Costa,4.02,24,True
TKT-10323,2025-08-18 12:00:00,2025-08-18 13:07:03.023198,HR,Access Request,Low,A. Palishchuk,1.12,24,True
TKT-10324,2026-04-21 09:00:00,2026-04-21 09:06:00.000000,Finance,Permission Change,Medium,A. Palishchuk,0.1,8,True
TKT-10325,2026-05-12 16:00:00,2026-05-12 22:16:30.956059,Marketing,SSO Login Failure,Medium,J. Nguyen,6.28,8,True
TKT-10326,2025-10-14 13:00:00,2025-10-14 17:36:57.550769,Sales,MFA Issue,Low,A. Palishchuk,4.62,24,True
TKT-10327,2025-12-29 17:00:00,2025-12-29 18:06:19.293122,HR,Device Enrollment,Low,A. Palishchuk,1.11,24,True
TKT-10328,2025-09-22 09:00:00,2025-09-22 12:57:10.687181,Finance,Permission Change,Low,M. Singh,3.95,24,True
TKT-10329,2025-09-08 09:00:00,2025-09-08 09:16:26.056796,Legal,SSO Login Failure,Medium,J. Nguyen,0.27,8,True
TKT-10330,2025-12-01 15:00:00,2025-12-01 20:58:07.011366,Sales,MFA Issue,Medium,A. Palishchuk,5.97,8,True
TKT-10331,2025-09-25 17:00:00,2025-09-25 17:14:23.880213,Operations,Password Reset,Low,R. Costa,0.24,24,True
TKT-10332,2025-12-08 09:00:00,2025-12-08 09:14:30.826647,Marketing,SSO Login Failure,Low,R. Costa,0.24,24,True
TKT-10333,2025-09-19 15:00:00,2025-09-19 15:23:05.713021,Finance,Password Reset,High,M. Singh,0.38,2,True
TKT-10334,2025-12-24 08:00:00,2025-12-24 09:49:47.519947,Sales,Account Lockout,Low,A. Palishchuk,1.83,24,True
TKT-10335,2025-07-02 13:00:00,2025-07-02 16:06:08.032314,Engineering,Device Enrollment,Medium,M. Singh,3.1,8,True
TKT-10336,2025-09-24 15:00:00,2025-09-24 17:51:36.355883,Engineering,Device Enrollment,Low,A. Palishchuk,2.86,24,True
TKT-10337,2026-05-15 08:00:00,2026-05-15 08:07:01.134348,Legal,Password Reset,Low,M. Singh,0.12,24,True
TKT-10338,2026-01-30 15:00:00,2026-01-30 15:06:00.000000,Marketing,Password Reset,Medium,A. Palishchuk,0.1,8,True
TKT-10339,2025-12-15 17:00:00,2025-12-15 18:36:29.585994,Marketing,SSO Login Failure,Medium,J. Nguyen,1.61,8,True
TKT-10340,2025-08-13 08:00:00,2025-08-13 10:47:26.330674,Legal,Access Request,Medium,T. O'Brien,2.79,8,True
TKT-10341,2025-12-25 10:00:00,2025-12-25 11:36:43.683287,HR,Access Request,Low,M. Singh,1.61,24,True
TKT-10342,2025-12-11 12:00:00,2025-12-11 12:22:41.156929,Marketing,Account Lockout,Medium,R. Costa,0.38,8,True
TKT-10343,2025-08-11 11:00:00,2025-08-11 18:24:51.553916,Operations,Access Request,Low,T. O'Brien,7.41,24,True
TKT-10344,2025-10-22 15:00:00,2025-10-22 15:12:13.396785,Operations,Access Request,Medium,M. Singh,0.2,8,True
TKT-10345,2025-12-23 12:00:00,2025-12-23 12:31:22.526947,Finance,Access Request,Medium,M. Singh,0.52,8,True
TKT-10346,2026-04-28 14:00:00,2026-04-29 06:09:14.878685,Operations,Group Membership,Low,M. Singh,16.15,24,True
TKT-10347,2025-12-09 11:00:00,2025-12-09 12:55:17.421285,Engineering,Group Membership,High,M. Singh,1.92,2,True
TKT-10348,2025-11-08 08:00:00,2025-11-08 08:07:03.737384,Marketing,Password Reset,Medium,M. Singh,0.12,8,True
TKT-10349,2026-01-05 16:00:00,2026-01-05 22:11:36.814980,HR,Device Enrollment,Medium,T. O'Brien,6.19,8,True
TKT-10350,2026-06-29 16:00:00,2026-06-29 19:26:07.211187,HR,MFA Issue,Low,R. Costa,3.44,24,True
TKT-10351,2026-04-03 15:00:00,2026-04-03 15:16:20.877419,Sales,Password Reset,Medium,J. Nguyen,0.27,8,True
TKT-10352,2026-06-03 17:00:00,2026-06-03 17:50:22.017527,Finance,Account Lockout,Low,T. O'Brien,0.84,24,True
TKT-10353,2025-11-16 10:00:00,2025-11-16 10:06:00.000000,Engineering,Password Reset,Medium,M. Singh,0.1,8,True
TKT-10354,2025-12-03 14:00:00,2025-12-03 16:23:53.965662,Legal,Password Reset,Medium,A. Palishchuk,2.4,8,True
TKT-10355,2026-01-07 10:00:00,2026-01-07 10:43:42.891961,Legal,SSO Login Failure,Medium,A. Palishchuk,0.73,8,True
TKT-10356,2026-05-09 12:00:00,2026-05-10 02:02:09.537797,Finance,Access Request,Medium,M. Singh,14.04,8,False
TKT-10357,2026-06-20 09:00:00,2026-06-20 09:06:00.000000,Engineering,Account Lockout,High,A. Palishchuk,0.1,2,True
TKT-10358,2025-08-15 13:00:00,2025-08-15 13:16:08.336151,Engineering,MFA Issue,Low,T. O'Brien,0.27,24,True
TKT-10359,2026-05-30 11:00:00,2026-05-30 11:06:00.000000,Marketing,Password Reset,Low,J. Nguyen,0.1,24,True
TKT-10360,2025-09-21 10:00:00,2025-09-21 19:08:45.920608,Operations,Device Enrollment,Medium,T. O'Brien,9.15,8,False
TKT-10361,2025-09-01 16:00:00,2025-09-01 16:29:45.343019,Legal,MFA Issue,Medium,J. Nguyen,0.5,8,True
TKT-10362,2025-10-28 13:00:00,2025-10-28 13:11:55.094524,Finance,Password Reset,Low,A. Palishchuk,0.2,24,True
TKT-10363,2026-05-04 16:00:00,2026-05-04 17:40:05.320673,Marketing,Device Enrollment,Low,M. Singh,1.67,24,True
TKT-10364,2026-01-12 11:00:00,2026-01-12 11:57:45.389201,Marketing,Permission Change,High,T. O'Brien,0.96,2,True
TKT-10365,2025-11-04 14:00:00,2025-11-04 16:00:54.983946,HR,Access Request,Medium,R. Costa,2.02,8,True
TKT-10366,2025-09-02 09:00:00,2025-09-02 09:13:05.060497,Operations,Account Lockout,Medium,R. Costa,0.22,8,True
TKT-10367,2026-01-17 16:00:00,2026-01-17 17:35:01.834001,Finance,Account Lockout,Medium,A. Palishchuk,1.58,8,True
TKT-10368,2026-06-08 15:00:00,2026-06-08 17:53:56.549231,Finance,MFA Issue,Low,J. Nguyen,2.9,24,True
TKT-10369,2026-05-04 13:00:00,2026-05-04 13:40:18.514553,Operations,Account Lockout,Medium,R. Costa,0.67,8,True
TKT-10370,2026-05-07 14:00:00,2026-05-07 15:00:15.982494,Engineering,Password Reset,Low,M. Singh,1.0,24,True
TKT-10371,2026-01-10 15:00:00,2026-01-10 15:31:45.547920,Legal,Account Lockout,Medium,J. Nguyen,0.53,8,True
TKT-10372,2026-01-30 16:00:00,2026-01-30 16:36:08.061683,Engineering,Password Reset,Low,A. Palishchuk,0.6,24,True
TKT-10373,2026-06-27 08:00:00,2026-06-27 15:35:56.571752,Marketing,Access Request,Low,R. Costa,7.6,24,True
TKT-10374,2026-02-22 11:00:00,2026-02-22 11:06:00.000000,Marketing,Password Reset,Medium,A. Palishchuk,0.1,8,True
TKT-10375,2025-11-13 11:00:00,2025-11-13 12:03:16.534426,Finance,Password Reset,Low,A. Palishchuk,1.05,24,True
TKT-10376,2025-10-14 13:00:00,2025-10-14 13:28:25.785309,Finance,Permission Change,Low,M. Singh,0.47,24,True
TKT-10377,2026-04-03 10:00:00,2026-04-03 10:07:13.688082,Engineering,Permission Change,Medium,A. Palishchuk,0.12,8,True
TKT-10378,2026-05-29 08:00:00,2026-05-29 20:50:08.106978,Operations,Access Request,Medium,M. Singh,12.84,8,False
TKT-10379,2026-03-25 08:00:00,2026-03-25 13:09:51.960357,Finance,Device Enrollment,High,R. Costa,5.16,2,False
TKT-10380,2026-06-08 14:00:00,2026-06-08 14:06:00.000000,HR,Password Reset,High,J. Nguyen,0.1,2,True
TKT-10381,2025-11-04 11:00:00,2025-11-04 12:03:31.260943,HR,MFA Issue,Low,T. O'Brien,1.06,24,True
TKT-10382,2026-05-28 17:00:00,2026-05-28 17:47:53.758526,Operations,MFA Issue,Medium,M. Singh,0.8,8,True
TKT-10383,2026-05-03 17:00:00,2026-05-03 17:57:33.880305,Legal,Access Request,Low,T. O'Brien,0.96,24,True
TKT-10384,2025-09-22 13:00:00,2025-09-22 13:06:00.000000,Marketing,Password Reset,High,A. Palishchuk,0.1,2,True
TKT-10385,2025-09-19 16:00:00,2025-09-19 21:11:28.165916,Operations,Access Request,Low,J. Nguyen,5.19,24,True
TKT-10386,2026-06-22 12:00:00,2026-06-22 16:05:06.859327,Finance,Device Enrollment,Low,A. Palishchuk,4.09,24,True
TKT-10387,2026-04-03 13:00:00,2026-04-03 13:31:30.537174,Finance,Device Enrollment,Low,J. Nguyen,0.53,24,True
TKT-10388,2025-10-30 09:00:00,2025-10-30 15:45:10.409243,Finance,Access Request,Low,J. Nguyen,6.75,24,True
TKT-10389,2026-06-25 17:00:00,2026-06-25 17:58:24.271866,Legal,MFA Issue,Low,R. Costa,0.97,24,True
TKT-10390,2025-12-03 12:00:00,2025-12-03 13:23:57.177026,Legal,Account Lockout,Low,A. Palishchuk,1.4,24,True
TKT-10391,2025-12-04 17:00:00,2025-12-04 17:18:44.364421,Legal,Account Lockout,Medium,M. Singh,0.31,8,True
TKT-10392,2026-05-01 08:00:00,2026-05-01 08:20:24.424854,HR,Account Lockout,Medium,R. Costa,0.34,8,True
TKT-10393,2026-05-17 11:00:00,2026-05-17 11:06:00.000000,Engineering,Password Reset,High,R. Costa,0.1,2,True
TKT-10394,2025-08-14 11:00:00,2025-08-14 12:41:21.194833,Engineering,Password Reset,Low,A. Palishchuk,1.69,24,True
TKT-10395,2026-05-02 13:00:00,2026-05-02 13:53:15.758338,Operations,SSO Login Failure,Low,T. O'Brien,0.89,24,True
TKT-10396,2025-08-06 17:00:00,2025-08-06 18:08:42.261312,Sales,MFA Issue,Low,T. O'Brien,1.15,24,True
TKT-10397,2026-04-11 11:00:00,2026-04-11 11:26:43.996620,Operations,Password Reset,High,A. Palishchuk,0.45,2,True
TKT-10398,2026-05-01 09:00:00,2026-05-01 10:11:07.118510,Engineering,Password Reset,Low,J. Nguyen,1.19,24,True
TKT-10399,2025-10-17 10:00:00,2025-10-17 10:33:56.345064,Operations,Password Reset,Medium,T. O'Brien,0.57,8,True
TKT-10400,2026-06-24 11:00:00,2026-06-24 11:13:29.401991,Engineering,MFA Issue,Medium,A. Palishchuk,0.22,8,True
TKT-10401,2026-06-19 11:00:00,2026-06-19 18:38:32.654403,Marketing,Access Request,High,R. Costa,7.64,2,False
TKT-10402,2026-03-07 10:00:00,2026-03-07 10:06:00.000000,Finance,Password Reset,Low,M. Singh,0.1,24,True
TKT-10403,2025-11-24 12:00:00,2025-11-24 12:35:52.859237,Marketing,Account Lockout,Low,A. Palishchuk,0.6,24,True
TKT-10404,2025-07-05 08:00:00,2025-07-05 08:06:00.000000,Marketing,SSO Login Failure,Low,A. Palishchuk,0.1,24,True
TKT-10405,2025-11-24 17:00:00,2025-11-25 00:46:04.575409,Legal,Group Membership,Low,J. Nguyen,7.77,24,True
TKT-10406,2026-02-13 13:00:00,2026-02-13 16:29:31.331528,Engineering,Access Request,Medium,R. Costa,3.49,8,True
TKT-10407,2026-03-06 10:00:00,2026-03-06 11:46:38.499082,Sales,Account Lockout,High,J. Nguyen,1.78,2,True
TKT-10408,2025-12-22 11:00:00,2025-12-23 23:05:32.726761,HR,Device Enrollment,Low,A. Palishchuk,36.09,24,False
TKT-10409,2026-06-02 08:00:00,2026-06-02 08:43:44.214756,Engineering,MFA Issue,Low,J. Nguyen,0.73,24,True
TKT-10410,2025-07-13 14:00:00,2025-07-13 14:45:23.436140,Engineering,Password Reset,Low,T. O'Brien,0.76,24,True
TKT-10411,2026-04-24 12:00:00,2026-04-24 12:29:24.629006,Marketing,MFA Issue,Medium,T. O'Brien,0.49,8,True
TKT-10412,2026-04-29 10:00:00,2026-04-29 15:17:20.324578,Legal,Group Membership,Medium,A. Palishchuk,5.29,8,True
TKT-10413,2025-09-05 08:00:00,2025-09-05 08:06:26.249755,Operations,MFA Issue,Medium,M. Singh,0.11,8,True
TKT-10414,2026-01-04 16:00:00,2026-01-04 17:54:06.428335,Legal,SSO Login Failure,Medium,R. Costa,1.9,8,True
TKT-10415,2026-03-17 13:00:00,2026-03-17 14:29:59.548952,Operations,MFA Issue,Medium,T. O'Brien,1.5,8,True
TKT-10416,2026-04-16 10:00:00,2026-04-16 10:37:25.743623,Legal,Access Request,Low,T. O'Brien,0.62,24,True
TKT-10417,2025-11-21 13:00:00,2025-11-21 13:20:06.564679,Legal,Password Reset,Low,A. Palishchuk,0.34,24,True
TKT-10418,2026-04-16 14:00:00,2026-04-16 15:17:20.595867,Legal,Access Request,Low,T. O'Brien,1.29,24,True
TKT-10419,2026-02-06 14:00:00,2026-02-06 21:58:45.122892,Operations,Access Request,Low,A. Palishchuk,7.98,24,True
TKT-10420,2025-08-22 10:00:00,2025-08-22 12:08:25.006109,Legal,Account Lockout,Low,T. O'Brien,2.14,24,True
TKT-10421,2025-09-12 17:00:00,2025-09-12 22:04:04.848887,Sales,Device Enrollment,Medium,A. Palishchuk,5.07,8,True
TKT-10422,2025-08-22 15:00:00,2025-08-22 15:11:30.016057,Engineering,MFA Issue,Medium,M. Singh,0.19,8,True
TKT-10423,2025-07-12 14:00:00,2025-07-12 14:31:14.892125,Legal,Password Reset,High,A. Palishchuk,0.52,2,True
TKT-10424,2026-01-20 08:00:00,2026-01-20 09:23:43.911528,Sales,MFA Issue,Low,M. Singh,1.4,24,True
TKT-10425,2026-01-30 13:00:00,2026-01-30 15:31:00.102994,Marketing,Permission Change,Medium,A. Palishchuk,2.52,8,True
TKT-10426,2026-05-16 16:00:00,2026-05-16 19:36:24.726483,HR,MFA Issue,Low,R. Costa,3.61,24,True
TKT-10427,2026-06-03 10:00:00,2026-06-03 11:42:19.403561,HR,Access Request,High,M. Singh,1.71,2,True
TKT-10428,2026-01-02 14:00:00,2026-01-02 21:48:45.171381,Legal,Access Request,Low,A. Palishchuk,7.81,24,True
TKT-10429,2025-07-23 12:00:00,2025-07-23 18:45:56.109175,HR,SSO Login Failure,Medium,A. Palishchuk,6.77,8,True
TKT-10430,2026-04-07 16:00:00,2026-04-07 16:30:59.838835,Sales,Password Reset,Medium,A. Palishchuk,0.52,8,True
TKT-10431,2026-04-30 14:00:00,2026-04-30 18:46:23.140333,Sales,Access Request,Low,R. Costa,4.77,24,True
TKT-10432,2026-02-12 16:00:00,2026-02-12 16:16:09.693161,Operations,Password Reset,Medium,J. Nguyen,0.27,8,True
TKT-10433,2025-07-16 16:00:00,2025-07-16 18:04:06.712593,Finance,Account Lockout,Low,M. Singh,2.07,24,True
TKT-10434,2026-06-08 09:00:00,2026-06-08 09:29:01.298749,Engineering,Access Request,High,J. Nguyen,0.48,2,True
TKT-10435,2025-11-26 15:00:00,2025-11-26 15:32:06.813499,Engineering,Access Request,Medium,J. Nguyen,0.54,8,True
TKT-10436,2026-05-09 08:00:00,2026-05-09 08:09:20.553241,Operations,Password Reset,Medium,M. Singh,0.16,8,True
TKT-10437,2025-07-13 12:00:00,2025-07-13 16:56:34.784400,Marketing,Permission Change,Medium,J. Nguyen,4.94,8,True
TKT-10438,2025-10-19 13:00:00,2025-10-19 13:06:00.000000,Engineering,Access Request,Medium,T. O'Brien,0.1,8,True
TKT-10439,2026-01-04 17:00:00,2026-01-04 18:27:00.009279,Legal,Account Lockout,Low,A. Palishchuk,1.45,24,True
TKT-10440,2025-09-30 17:00:00,2025-09-30 17:23:50.278223,Legal,Device Enrollment,Medium,M. Singh,0.4,8,True
TKT-10441,2025-12-09 12:00:00,2025-12-09 12:40:37.071735,Finance,MFA Issue,Low,M. Singh,0.68,24,True
TKT-10442,2025-07-07 11:00:00,2025-07-07 11:37:46.768429,Operations,Account Lockout,Medium,M. Singh,0.63,8,True
TKT-10443,2025-11-12 11:00:00,2025-11-13 01:52:26.073732,Finance,Device Enrollment,Low,R. Costa,14.87,24,True
TKT-10444,2025-08-14 13:00:00,2025-08-14 13:22:17.408789,Operations,Password Reset,High,A. Palishchuk,0.37,2,True
TKT-10445,2026-01-21 14:00:00,2026-01-21 17:28:10.958199,Legal,Account Lockout,Medium,M. Singh,3.47,8,True
TKT-10446,2025-10-04 11:00:00,2025-10-04 11:16:58.861461,Finance,Access Request,High,A. Palishchuk,0.28,2,True
TKT-10447,2025-09-28 14:00:00,2025-09-28 14:45:36.277724,Operations,Password Reset,Medium,A. Palishchuk,0.76,8,True
TKT-10448,2025-12-28 15:00:00,2025-12-28 16:05:35.614376,Engineering,Account Lockout,Low,M. Singh,1.09,24,True
TKT-10449,2025-12-22 11:00:00,2025-12-22 12:09:39.339169,Legal,MFA Issue,Medium,M. Singh,1.16,8,True
TKT-10450,2026-02-27 17:00:00,2026-02-27 17:38:52.387294,Engineering,Password Reset,Low,A. Palishchuk,0.65,24,True
TKT-10451,2025-12-08 09:00:00,2025-12-08 09:39:21.799932,Sales,MFA Issue,Medium,M. Singh,0.66,8,True
TKT-10452,2026-04-20 13:00:00,2026-04-20 13:23:51.551090,Legal,SSO Login Failure,Medium,A. Palishchuk,0.4,8,True
TKT-10453,2025-07-06 15:00:00,2025-07-06 16:12:22.235149,Engineering,Password Reset,Low,M. Singh,1.21,24,True
TKT-10454,2025-07-11 13:00:00,2025-07-11 13:20:41.325703,Engineering,Password Reset,Medium,T. O'Brien,0.34,8,True
TKT-10455,2026-05-28 12:00:00,2026-05-28 12:27:19.217568,Marketing,Access Request,Medium,A. Palishchuk,0.46,8,True
TKT-10456,2026-03-17 10:00:00,2026-03-17 13:06:56.641314,Engineering,SSO Login Failure,Low,R. Costa,3.12,24,True
TKT-10457,2026-03-04 15:00:00,2026-03-04 15:49:24.834473,Legal,Password Reset,Low,A. Palishchuk,0.82,24,True
TKT-10458,2025-08-08 08:00:00,2025-08-08 08:44:18.194338,Marketing,Password Reset,Medium,R. Costa,0.74,8,True
TKT-10459,2025-09-12 11:00:00,2025-09-12 11:14:01.258778,Engineering,MFA Issue,High,A. Palishchuk,0.23,2,True
TKT-10460,2025-12-17 15:00:00,2025-12-17 15:30:04.709215,Operations,Device Enrollment,Medium,A. Palishchuk,0.5,8,True
TKT-10461,2026-06-14 10:00:00,2026-06-14 22:02:45.115842,Marketing,Permission Change,Low,J. Nguyen,12.05,24,True
TKT-10462,2025-12-02 09:00:00,2025-12-02 14:34:55.801319,Finance,Group Membership,Low,R. Costa,5.58,24,True
TKT-10463,2025-10-25 10:00:00,2025-10-25 10:12:34.274870,Finance,Password Reset,Low,M. Singh,0.21,24,True
TKT-10464,2025-10-24 11:00:00,2025-10-24 12:49:55.621842,Finance,Account Lockout,Low,A. Palishchuk,1.83,24,True
TKT-10465,2026-06-30 11:00:00,2026-06-30 11:07:29.199484,Finance,Password Reset,Medium,A. Palishchuk,0.12,8,True
TKT-10466,2026-01-09 08:00:00,2026-01-09 08:07:38.551087,HR,Password Reset,Medium,R. Costa,0.13,8,True
TKT-10467,2025-11-16 15:00:00,2025-11-16 16:03:59.481995,Engineering,Account Lockout,Medium,A. Palishchuk,1.07,8,True
TKT-10468,2026-01-15 14:00:00,2026-01-15 15:18:18.223720,HR,Permission Change,High,T. O'Brien,1.31,2,True
TKT-10469,2025-09-22 09:00:00,2025-09-22 09:06:10.731379,Engineering,Password Reset,Medium,R. Costa,0.1,8,True
TKT-10470,2025-08-15 16:00:00,2025-08-15 20:07:34.861016,Finance,MFA Issue,Low,J. Nguyen,4.13,24,True
TKT-10471,2026-04-06 15:00:00,2026-04-06 15:44:36.249752,Sales,Password Reset,Medium,T. O'Brien,0.74,8,True
TKT-10472,2026-04-16 16:00:00,2026-04-16 18:40:18.282487,Operations,Access Request,Low,A. Palishchuk,2.67,24,True
TKT-10473,2026-03-11 12:00:00,2026-03-11 13:24:03.389366,Marketing,SSO Login Failure,Low,J. Nguyen,1.4,24,True
TKT-10474,2026-05-09 17:00:00,2026-05-09 17:06:00.000000,HR,Password Reset,Low,A. Palishchuk,0.1,24,True
TKT-10475,2025-12-26 13:00:00,2025-12-26 13:18:17.198052,Legal,SSO Login Failure,High,M. Singh,0.3,2,True
TKT-10476,2025-12-16 12:00:00,2025-12-16 16:31:39.048681,Operations,SSO Login Failure,Medium,M. Singh,4.53,8,True
TKT-10477,2026-01-22 16:00:00,2026-01-22 17:28:44.869915,Legal,MFA Issue,High,A. Palishchuk,1.48,2,True
TKT-10478,2025-07-22 12:00:00,2025-07-22 15:44:14.498559,Legal,Access Request,Low,R. Costa,3.74,24,True
TKT-10479,2026-01-18 09:00:00,2026-01-19 00:12:21.339200,Sales,Device Enrollment,Medium,R. Costa,15.21,8,False
TKT-10480,2026-03-30 11:00:00,2026-03-30 11:33:24.403412,Operations,Permission Change,Medium,A. Palishchuk,0.56,8,True
TKT-10481,2026-05-17 16:00:00,2026-05-17 16:10:43.336901,Sales,Password Reset,High,M. Singh,0.18,2,True
TKT-10482,2025-10-04 14:00:00,2025-10-04 18:16:12.088157,Legal,Access Request,High,T. O'Brien,4.27,2,False
TKT-10483,2026-05-09 08:00:00,2026-05-09 08:06:00.000000,Marketing,Password Reset,Low,J. Nguyen,0.1,24,True
TKT-10484,2026-05-04 12:00:00,2026-05-04 18:29:32.845622,Legal,Device Enrollment,Medium,J. Nguyen,6.49,8,True
TKT-10485,2026-01-08 08:00:00,2026-01-08 09:22:40.207938,HR,MFA Issue,Low,J. Nguyen,1.38,24,True
TKT-10486,2026-06-04 11:00:00,2026-06-04 11:28:42.390060,Sales,Password Reset,Medium,J. Nguyen,0.48,8,True
TKT-10487,2026-02-01 10:00:00,2026-02-01 11:33:22.514047,Operations,SSO Login Failure,Medium,R. Costa,1.56,8,True
TKT-10488,2026-04-09 13:00:00,2026-04-09 13:22:33.456796,Engineering,Password Reset,High,J. Nguyen,0.38,2,True
TKT-10489,2025-08-12 17:00:00,2025-08-12 21:54:16.327541,Sales,Device Enrollment,Medium,T. O'Brien,4.9,8,True
TKT-10490,2026-05-09 12:00:00,2026-05-09 13:46:46.801207,Sales,Password Reset,Low,T. O'Brien,1.78,24,True
TKT-10491,2025-09-21 10:00:00,2025-09-21 10:06:00.000000,Finance,Password Reset,Medium,A. Palishchuk,0.1,8,True
TKT-10492,2025-08-22 12:00:00,2025-08-22 12:36:35.319428,Finance,MFA Issue,Medium,T. O'Brien,0.61,8,True
TKT-10493,2025-09-07 13:00:00,2025-09-07 13:10:15.310548,Finance,MFA Issue,Low,M. Singh,0.17,24,True
TKT-10494,2026-01-13 09:00:00,2026-01-13 11:36:47.126129,HR,Password Reset,Low,M. Singh,2.61,24,True
TKT-10495,2025-09-17 14:00:00,2025-09-17 14:54:12.741893,HR,Password Reset,Low,A. Palishchuk,0.9,24,True
TKT-10496,2026-06-03 17:00:00,2026-06-03 20:06:35.475212,Sales,Permission Change,Low,A. Palishchuk,3.11,24,True
TKT-10497,2025-07-06 17:00:00,2025-07-06 17:52:13.194205,Sales,Password Reset,Low,R. Costa,0.87,24,True
TKT-10498,2026-02-04 08:00:00,2026-02-04 09:47:33.683764,Finance,Access Request,Low,M. Singh,1.79,24,True
TKT-10499,2025-07-02 15:00:00,2025-07-02 15:24:59.189030,Legal,Account Lockout,High,A. Palishchuk,0.42,2,True
TKT-10500,2026-02-15 11:00:00,2026-02-15 12:46:55.613435,HR,MFA Issue,Low,A. Palishchuk,1.78,24,True
TKT-10501,2026-05-18 12:00:00,2026-05-18 12:06:00.000000,Sales,Password Reset,High,J. Nguyen,0.1,2,True
TKT-10502,2026-06-17 13:00:00,2026-06-17 14:46:31.558110,Operations,MFA Issue,Low,A. Palishchuk,1.78,24,True
TKT-10503,2025-09-21 17:00:00,2025-09-21 18:26:16.117134,Engineering,Access Request,Medium,T. O'Brien,1.44,8,True
TKT-10504,2026-03-05 13:00:00,2026-03-05 13:06:00.000000,Finance,Account Lockout,Low,A. Palishchuk,0.1,24,True
TKT-10505,2025-09-06 14:00:00,2025-09-06 20:09:44.318002,HR,MFA Issue,Low,M. Singh,6.16,24,True
TKT-10506,2025-08-15 17:00:00,2025-08-15 19:50:36.174417,Sales,SSO Login Failure,Low,A. Palishchuk,2.84,24,True
TKT-10507,2025-08-23 09:00:00,2025-08-23 10:13:47.654819,HR,Password Reset,Medium,T. O'Brien,1.23,8,True
TKT-10508,2025-11-09 16:00:00,2025-11-09 16:56:13.357803,Engineering,Access Request,High,R. Costa,0.94,2,True
TKT-10509,2025-12-17 09:00:00,2025-12-17 09:34:40.090468,Legal,SSO Login Failure,Low,A. Palishchuk,0.58,24,True
TKT-10510,2025-08-16 08:00:00,2025-08-16 08:11:05.574892,Engineering,Password Reset,Low,J. Nguyen,0.18,24,True
TKT-10511,2026-05-14 17:00:00,2026-05-14 17:20:56.942498,Legal,Account Lockout,Medium,T. O'Brien,0.35,8,True
TKT-10512,2025-08-07 10:00:00,2025-08-07 22:03:14.314051,Engineering,Access Request,Low,R. Costa,12.05,24,True
TKT-10513,2026-05-17 14:00:00,2026-05-17 14:08:30.586370,Sales,SSO Login Failure,Medium,J. Nguyen,0.14,8,True
TKT-10514,2025-10-15 16:00:00,2025-10-15 18:13:16.755178,Operations,MFA Issue,High,M. Singh,2.22,2,False
TKT-10515,2025-08-25 12:00:00,2025-08-25 15:39:27.162087,Marketing,Access Request,High,J. Nguyen,3.66,2,False
TKT-10516,2025-10-22 12:00:00,2025-10-22 16:30:23.393861,Engineering,Device Enrollment,Low,R. Costa,4.51,24,True
TKT-10517,2026-01-21 11:00:00,2026-01-21 11:37:05.281977,HR,Account Lockout,Low,A. Palishchuk,0.62,24,True
TKT-10518,2025-11-06 14:00:00,2025-11-06 15:21:59.264514,Marketing,SSO Login Failure,Low,A. Palishchuk,1.37,24,True
TKT-10519,2025-11-10 08:00:00,2025-11-10 09:04:02.013874,Operations,Password Reset,Medium,T. O'Brien,1.07,8,True
TKT-10520,2025-09-21 10:00:00,2025-09-22 02:47:55.700151,Engineering,Device Enrollment,Low,R. Costa,16.8,24,True
TKT-10521,2025-07-23 16:00:00,2025-07-23 19:26:19.743682,Finance,MFA Issue,Low,T. O'Brien,3.44,24,True
TKT-10522,2026-04-28 14:00:00,2026-04-28 15:42:24.097852,Sales,Group Membership,Low,A. Palishchuk,1.71,24,True
TKT-10523,2026-06-01 08:00:00,2026-06-01 08:06:00.000000,Operations,MFA Issue,High,R. Costa,0.1,2,True
TKT-10524,2025-11-27 16:00:00,2025-11-28 01:05:52.683293,Legal,Device Enrollment,Medium,R. Costa,9.1,8,False
TKT-10525,2026-05-09 13:00:00,2026-05-09 14:01:57.006016,Marketing,MFA Issue,Low,J. Nguyen,1.03,24,True
TKT-10526,2025-10-20 14:00:00,2025-10-21 01:55:31.574774,Operations,Access Request,Medium,M. Singh,11.93,8,False
TKT-10527,2025-07-18 13:00:00,2025-07-18 17:10:16.578163,Sales,Access Request,Low,T. O'Brien,4.17,24,True
TKT-10528,2025-10-30 17:00:00,2025-10-30 17:06:00.000000,Sales,Account Lockout,Medium,R. Costa,0.1,8,True
TKT-10529,2026-01-22 14:00:00,2026-01-22 14:10:24.402422,Legal,Password Reset,Low,M. Singh,0.17,24,True
TKT-10530,2025-11-29 15:00:00,2025-11-29 20:28:02.330800,Finance,Group Membership,Low,R. Costa,5.47,24,True
TKT-10531,2026-05-26 15:00:00,2026-05-26 16:48:09.968567,Engineering,SSO Login Failure,Low,R. Costa,1.8,24,True
TKT-10532,2025-10-01 08:00:00,2025-10-01 10:04:53.533379,Sales,Access Request,High,R. Costa,2.08,2,False
TKT-10533,2026-03-26 12:00:00,2026-03-26 14:57:55.776721,Legal,SSO Login Failure,Medium,J. Nguyen,2.97,8,True
TKT-10534,2026-02-26 08:00:00,2026-02-26 10:37:20.095929,Operations,Device Enrollment,Medium,R. Costa,2.62,8,True
TKT-10535,2026-04-08 16:00:00,2026-04-08 18:47:37.706043,Operations,SSO Login Failure,Medium,T. O'Brien,2.79,8,True
TKT-10536,2026-06-01 16:00:00,2026-06-02 04:13:52.119557,Marketing,Access Request,Low,R. Costa,12.23,24,True
TKT-10537,2025-11-24 09:00:00,2025-11-24 09:06:17.896008,Marketing,Access Request,Low,J. Nguyen,0.1,24,True
TKT-10538,2026-02-17 09:00:00,2026-02-17 09:21:37.704014,Marketing,Permission Change,Low,R. Costa,0.36,24,True
TKT-10539,2026-02-24 16:00:00,2026-02-24 17:34:38.962586,Finance,SSO Login Failure,Medium,A. Palishchuk,1.58,8,True
TKT-10540,2026-05-18 13:00:00,2026-05-18 15:56:52.229198,Operations,Access Request,High,J. Nguyen,2.95,2,False
TKT-10541,2025-07-03 13:00:00,2025-07-03 15:27:09.613446,HR,SSO Login Failure,Medium,R. Costa,2.45,8,True
TKT-10542,2026-05-27 17:00:00,2026-05-27 17:25:44.796547,Sales,MFA Issue,High,M. Singh,0.43,2,True
TKT-10543,2025-08-18 16:00:00,2025-08-18 16:44:27.540112,Legal,Password Reset,Medium,A. Palishchuk,0.74,8,True
TKT-10544,2025-11-13 16:00:00,2025-11-13 17:02:41.928524,Legal,Account Lockout,Medium,M. Singh,1.04,8,True
TKT-10545,2026-01-25 10:00:00,2026-01-25 11:01:00.599308,Legal,Account Lockout,Medium,M. Singh,1.02,8,True
TKT-10546,2026-02-05 13:00:00,2026-02-05 14:42:22.080107,Engineering,SSO Login Failure,High,J. Nguyen,1.71,2,True
TKT-10547,2026-06-11 11:00:00,2026-06-11 18:05:58.608166,HR,Device Enrollment,Medium,R. Costa,7.1,8,True
TKT-10548,2026-03-26 13:00:00,2026-03-26 14:13:48.532829,Operations,Access Request,Medium,A. Palishchuk,1.23,8,True
TKT-10549,2025-10-02 17:00:00,2025-10-02 17:37:29.077453,Sales,Access Request,Low,A. Palishchuk,0.62,24,True
TKT-10550,2026-06-11 14:00:00,2026-06-11 14:14:16.926302,Marketing,Account Lockout,Medium,R. Costa,0.24,8,True
TKT-10551,2026-01-11 13:00:00,2026-01-11 14:57:21.642741,HR,SSO Login Failure,Low,R. Costa,1.96,24,True
TKT-10552,2025-10-18 11:00:00,2025-10-18 20:44:51.679248,Legal,Device Enrollment,Low,M. Singh,9.75,24,True
TKT-10553,2026-04-05 14:00:00,2026-04-05 14:46:49.111555,HR,Password Reset,Low,A. Palishchuk,0.78,24,True
TKT-10554,2026-03-14 12:00:00,2026-03-14 16:07:16.778592,Engineering,MFA Issue,Low,T. O'Brien,4.12,24,True
TKT-10555,2026-05-12 15:00:00,2026-05-12 17:48:06.114251,Marketing,Device Enrollment,Medium,T. O'Brien,2.8,8,True
TKT-10556,2026-02-17 14:00:00,2026-02-17 19:35:25.805312,Engineering,Group Membership,Medium,M. Singh,5.59,8,True
TKT-10557,2026-03-13 13:00:00,2026-03-13 13:07:07.111984,Legal,Password Reset,High,M. Singh,0.12,2,True
TKT-10558,2025-08-30 17:00:00,2025-08-30 17:33:01.223595,Operations,Password Reset,Low,J. Nguyen,0.55,24,True
TKT-10559,2026-04-17 11:00:00,2026-04-17 13:05:00.899923,Marketing,Permission Change,Medium,J. Nguyen,2.08,8,True
TKT-10560,2026-04-30 12:00:00,2026-04-30 14:49:06.862414,Sales,MFA Issue,Low,M. Singh,2.82,24,True
TKT-10561,2026-06-21 14:00:00,2026-06-21 18:08:37.089349,Operations,Device Enrollment,Medium,T. O'Brien,4.14,8,True
TKT-10562,2025-11-15 10:00:00,2025-11-15 10:38:10.006126,Engineering,Account Lockout,High,M. Singh,0.64,2,True
TKT-10563,2025-08-30 16:00:00,2025-08-30 19:57:01.556122,Marketing,MFA Issue,Medium,J. Nguyen,3.95,8,True
TKT-10564,2025-07-28 12:00:00,2025-07-28 12:34:14.391136,Sales,Account Lockout,Low,M. Singh,0.57,24,True
TKT-10565,2025-10-21 17:00:00,2025-10-21 17:06:34.730830,Engineering,SSO Login Failure,Medium,T. O'Brien,0.11,8,True
TKT-10566,2025-12-02 14:00:00,2025-12-03 03:28:21.580008,HR,Permission Change,Low,R. Costa,13.47,24,True
TKT-10567,2025-08-28 16:00:00,2025-08-28 16:09:56.164950,Legal,Account Lockout,Low,R. Costa,0.17,24,True
TKT-10568,2025-11-20 15:00:00,2025-11-20 17:51:53.778949,Operations,SSO Login Failure,Low,T. O'Brien,2.86,24,True
TKT-10569,2025-10-20 08:00:00,2025-10-20 09:21:57.013301,Marketing,Account Lockout,Medium,M. Singh,1.37,8,True
TKT-10570,2025-12-13 10:00:00,2025-12-13 10:57:36.786227,Sales,Account Lockout,High,R. Costa,0.96,2,True
TKT-10571,2026-02-15 09:00:00,2026-02-15 12:35:39.112710,Engineering,Permission Change,Medium,A. Palishchuk,3.59,8,True
TKT-10572,2025-07-08 15:00:00,2025-07-08 15:51:43.699849,Legal,MFA Issue,High,T. O'Brien,0.86,2,True
TKT-10573,2026-05-14 14:00:00,2026-05-14 18:08:27.706626,Engineering,Access Request,High,M. Singh,4.14,2,False
TKT-10574,2025-09-26 16:00:00,2025-09-27 00:52:43.249321,Legal,Group Membership,Low,R. Costa,8.88,24,True
TKT-10575,2026-05-09 15:00:00,2026-05-09 15:32:51.266737,HR,Permission Change,Medium,A. Palishchuk,0.55,8,True
TKT-10576,2025-10-27 08:00:00,2025-10-27 08:09:51.879111,Marketing,Account Lockout,High,J. Nguyen,0.16,2,True
TKT-10577,2025-09-09 17:00:00,2025-09-09 17:36:35.456200,Sales,MFA Issue,Low,A. Palishchuk,0.61,24,True
TKT-10578,2026-03-28 12:00:00,2026-03-28 12:39:12.862655,HR,Access Request,High,A. Palishchuk,0.65,2,True
TKT-10579,2026-06-25 15:00:00,2026-06-25 16:08:20.288444,HR,Password Reset,Low,J. Nguyen,1.14,24,True
TKT-10580,2025-11-02 11:00:00,2025-11-02 11:06:00.000000,Marketing,Password Reset,Medium,T. O'Brien,0.1,8,True
TKT-10581,2026-04-04 09:00:00,2026-04-04 13:48:05.251460,Marketing,Device Enrollment,Medium,A. Palishchuk,4.8,8,True
TKT-10582,2026-03-23 15:00:00,2026-03-23 15:06:00.000000,HR,MFA Issue,Low,R. Costa,0.1,24,True
TKT-10583,2025-11-22 08:00:00,2025-11-22 21:28:45.487765,Sales,Access Request,Low,J. Nguyen,13.48,24,True
TKT-10584,2026-02-11 16:00:00,2026-02-11 16:30:54.187028,HR,Password Reset,Low,M. Singh,0.52,24,True
TKT-10585,2025-10-14 14:00:00,2025-10-14 20:36:31.476966,HR,Device Enrollment,High,A. Palishchuk,6.61,2,False
TKT-10586,2025-09-20 16:00:00,2025-09-21 06:12:30.031226,Legal,Access Request,Low,A. Palishchuk,14.21,24,True
TKT-10587,2025-08-17 09:00:00,2025-08-17 09:16:08.585840,Marketing,Password Reset,Medium,T. O'Brien,0.27,8,True
TKT-10588,2026-06-30 08:00:00,2026-06-30 14:39:48.869287,HR,Device Enrollment,Medium,R. Costa,6.66,8,True
TKT-10589,2025-10-03 13:00:00,2025-10-03 13:41:53.651588,Engineering,MFA Issue,Medium,A. Palishchuk,0.7,8,True
TKT-10590,2025-10-28 12:00:00,2025-10-28 12:23:37.461889,Sales,MFA Issue,Low,T. O'Brien,0.39,24,True
TKT-10591,2025-10-04 13:00:00,2025-10-04 13:27:46.641640,Marketing,Group Membership,Medium,A. Palishchuk,0.46,8,True
TKT-10592,2026-03-13 08:00:00,2026-03-13 08:49:26.112778,HR,SSO Login Failure,Medium,M. Singh,0.82,8,True
TKT-10593,2026-04-13 12:00:00,2026-04-13 13:35:19.017204,Operations,Permission Change,Low,R. Costa,1.59,24,True
TKT-10594,2025-10-22 08:00:00,2025-10-22 08:07:25.316178,Finance,Account Lockout,Medium,R. Costa,0.12,8,True
TKT-10595,2026-03-30 15:00:00,2026-03-30 15:08:49.851181,Marketing,Access Request,High,R. Costa,0.15,2,True
TKT-10596,2026-05-11 17:00:00,2026-05-11 17:06:00.000000,HR,Device Enrollment,Medium,M. Singh,0.1,8,True
TKT-10597,2026-03-29 14:00:00,2026-03-29 21:05:13.407412,Legal,Access Request,Low,T. O'Brien,7.09,24,True
TKT-10598,2026-02-06 09:00:00,2026-02-06 09:08:55.203709,Legal,Password Reset,Low,M. Singh,0.15,24,True
TKT-10599,2025-10-24 16:00:00,2025-10-24 16:47:24.837093,HR,Access Request,Medium,A. Palishchuk,0.79,8,True
TKT-10600,2026-05-09 11:00:00,2026-05-09 14:48:54.762384,Engineering,Permission Change,High,J. Nguyen,3.82,2,False
TKT-10601,2026-03-22 08:00:00,2026-03-22 08:15:05.725827,Engineering,SSO Login Failure,High,A. Palishchuk,0.25,2,True
TKT-10602,2026-05-17 15:00:00,2026-05-17 15:32:46.551033,Legal,Password Reset,Low,M. Singh,0.55,24,True
TKT-10603,2026-02-06 12:00:00,2026-02-06 12:13:13.664911,Sales,Account Lockout,High,J. Nguyen,0.22,2,True
TKT-10604,2026-01-08 10:00:00,2026-01-08 11:36:09.983748,Engineering,Access Request,Medium,J. Nguyen,1.6,8,True
TKT-10605,2025-11-26 10:00:00,2025-11-26 11:58:35.565805,Engineering,MFA Issue,Low,R. Costa,1.98,24,True
TKT-10606,2025-11-24 15:00:00,2025-11-24 19:24:38.778220,Engineering,MFA Issue,Medium,R. Costa,4.41,8,True
TKT-10607,2026-01-30 17:00:00,2026-01-30 20:09:43.748008,Sales,Permission Change,Low,M. Singh,3.16,24,True
TKT-10608,2025-10-13 11:00:00,2025-10-13 11:10:05.541773,Engineering,Account Lockout,High,A. Palishchuk,0.17,2,True
TKT-10609,2025-12-31 08:00:00,2025-12-31 08:14:01.008295,HR,Password Reset,High,A. Palishchuk,0.23,2,True
TKT-10610,2026-01-24 09:00:00,2026-01-24 09:30:14.118446,HR,Permission Change,Low,A. Palishchuk,0.5,24,True
TKT-10611,2025-11-19 16:00:00,2025-11-19 16:06:00.000000,Marketing,Permission Change,Low,M. Singh,0.1,24,True
TKT-10612,2026-04-08 11:00:00,2026-04-08 15:41:39.564843,Operations,SSO Login Failure,Medium,A. Palishchuk,4.69,8,True
TKT-10613,2026-04-09 08:00:00,2026-04-09 08:42:28.791760,Sales,Password Reset,Low,M. Singh,0.71,24,True
TKT-10614,2026-06-16 09:00:00,2026-06-16 09:54:14.687447,Legal,Permission Change,High,A. Palishchuk,0.9,2,True
TKT-10615,2026-03-03 16:00:00,2026-03-03 17:06:39.579347,HR,SSO Login Failure,High,T. O'Brien,1.11,2,True
TKT-10616,2026-01-30 12:00:00,2026-01-30 12:40:45.124353,Legal,SSO Login Failure,Medium,T. O'Brien,0.68,8,True
TKT-10617,2026-04-28 16:00:00,2026-04-28 16:30:51.388334,Finance,Password Reset,Low,A. Palishchuk,0.51,24,True
TKT-10618,2026-06-29 14:00:00,2026-06-29 14:46:26.826757,Marketing,Account Lockout,High,R. Costa,0.77,2,True
TKT-10619,2026-01-08 10:00:00,2026-01-09 03:09:08.837245,Legal,Access Request,Medium,A. Palishchuk,17.15,8,False
TKT-10620,2026-01-08 12:00:00,2026-01-08 12:17:29.954357,Engineering,Password Reset,Low,T. O'Brien,0.29,24,True
TKT-10621,2026-06-14 12:00:00,2026-06-14 12:40:16.903536,HR,Password Reset,Medium,R. Costa,0.67,8,True
TKT-10622,2026-03-24 14:00:00,2026-03-24 14:10:32.673046,Operations,Password Reset,Medium,A. Palishchuk,0.18,8,True
TKT-10623,2026-02-05 17:00:00,2026-02-06 02:54:09.739238,Legal,Device Enrollment,Low,A. Palishchuk,9.9,24,True
TKT-10624,2025-07-31 11:00:00,2025-07-31 11:07:23.219241,Operations,Password Reset,Medium,R. Costa,0.12,8,True
TKT-10625,2026-05-17 16:00:00,2026-05-17 17:41:28.903521,Finance,Account Lockout,Low,A. Palishchuk,1.69,24,True
TKT-10626,2025-10-07 15:00:00,2025-10-07 15:31:46.835177,Operations,Password Reset,Low,A. Palishchuk,0.53,24,True
TKT-10627,2026-06-02 13:00:00,2026-06-02 13:08:47.751544,Legal,Account Lockout,Low,T. O'Brien,0.15,24,True
TKT-10628,2026-04-09 08:00:00,2026-04-09 08:06:00.000000,Operations,MFA Issue,Low,T. O'Brien,0.1,24,True
TKT-10629,2026-05-01 14:00:00,2026-05-01 19:02:05.450885,HR,Access Request,Low,A. Palishchuk,5.03,24,True
TKT-10630,2025-08-28 09:00:00,2025-08-28 12:45:47.528386,Operations,Group Membership,Medium,A. Palishchuk,3.76,8,True
TKT-10631,2025-08-13 14:00:00,2025-08-13 14:16:12.855461,Engineering,Access Request,Medium,A. Palishchuk,0.27,8,True
TKT-10632,2025-10-08 10:00:00,2025-10-08 20:06:49.449896,Operations,Access Request,Medium,J. Nguyen,10.11,8,False
TKT-10633,2026-05-23 09:00:00,2026-05-23 09:20:47.277093,Sales,Password Reset,Low,R. Costa,0.35,24,True
TKT-10634,2026-02-24 11:00:00,2026-02-25 05:32:49.640382,HR,Access Request,Low,J. Nguyen,18.55,24,True
TKT-10635,2026-04-10 09:00:00,2026-04-10 14:26:40.221231,Engineering,Access Request,Low,A. Palishchuk,5.44,24,True
TKT-10636,2025-08-14 09:00:00,2025-08-14 14:57:24.113120,Sales,Permission Change,High,J. Nguyen,5.96,2,False
TKT-10637,2026-04-12 17:00:00,2026-04-12 19:57:40.000267,Legal,MFA Issue,Low,M. Singh,2.96,24,True
TKT-10638,2025-12-18 14:00:00,2025-12-18 23:18:39.187016,Marketing,Device Enrollment,Medium,A. Palishchuk,9.31,8,False
TKT-10639,2025-10-01 14:00:00,2025-10-01 16:14:19.514058,Sales,Access Request,Low,R. Costa,2.24,24,True
TKT-10640,2026-02-14 17:00:00,2026-02-14 17:06:00.000000,Engineering,Account Lockout,Low,T. O'Brien,0.1,24,True
TKT-10641,2026-04-25 08:00:00,2026-04-25 08:41:33.864960,Engineering,SSO Login Failure,Low,J. Nguyen,0.69,24,True
TKT-10642,2026-01-30 15:00:00,2026-01-30 16:32:00.738378,Legal,Device Enrollment,High,A. Palishchuk,1.53,2,True
TKT-10643,2026-03-08 17:00:00,2026-03-08 17:32:19.243897,Finance,Password Reset,Medium,J. Nguyen,0.54,8,True
TKT-10644,2026-03-08 16:00:00,2026-03-08 17:25:04.531979,Operations,Password Reset,Low,J. Nguyen,1.42,24,True
TKT-10645,2026-03-13 14:00:00,2026-03-13 15:27:43.832174,Legal,Access Request,Low,M. Singh,1.46,24,True
TKT-10646,2026-01-22 17:00:00,2026-01-22 17:06:00.000000,Finance,Password Reset,Low,A. Palishchuk,0.1,24,True
TKT-10647,2026-06-20 11:00:00,2026-06-20 11:31:20.461193,Operations,MFA Issue,Low,T. O'Brien,0.52,24,True
TKT-10648,2025-12-20 14:00:00,2025-12-20 15:19:05.661882,HR,Password Reset,Low,A. Palishchuk,1.32,24,True
TKT-10649,2025-08-23 08:00:00,2025-08-23 08:23:38.719314,Marketing,Password Reset,High,M. Singh,0.39,2,True
TKT-10650,2026-02-24 17:00:00,2026-02-24 20:33:03.460875,Sales,Account Lockout,Low,A. Palishchuk,3.55,24,True
TKT-10651,2026-04-09 15:00:00,2026-04-09 19:09:02.597083,HR,Permission Change,Low,J. Nguyen,4.15,24,True
TKT-10652,2026-03-11 08:00:00,2026-03-11 08:35:07.958220,Operations,MFA Issue,Low,A. Palishchuk,0.59,24,True
TKT-10653,2026-04-18 13:00:00,2026-04-18 13:06:00.000000,Marketing,MFA Issue,High,M. Singh,0.1,2,True
TKT-10654,2025-12-27 12:00:00,2025-12-27 15:04:37.887077,HR,SSO Login Failure,Low,A. Palishchuk,3.08,24,True
TKT-10655,2025-10-14 12:00:00,2025-10-14 12:50:08.116987,HR,Device Enrollment,Medium,M. Singh,0.84,8,True
TKT-10656,2026-05-15 11:00:00,2026-05-15 12:27:55.978907,Marketing,Access Request,Low,A. Palishchuk,1.47,24,True
TKT-10657,2025-08-14 10:00:00,2025-08-14 12:40:01.854154,Operations,SSO Login Failure,Low,J. Nguyen,2.67,24,True
TKT-10658,2025-12-27 11:00:00,2025-12-27 11:13:47.042534,Marketing,MFA Issue,Low,A. Palishchuk,0.23,24,True
TKT-10659,2026-02-24 16:00:00,2026-02-24 16:06:00.000000,Operations,Password Reset,Medium,A. Palishchuk,0.1,8,True
TKT-10660,2025-11-03 12:00:00,2025-11-03 14:58:39.782114,Operations,Password Reset,Low,T. O'Brien,2.98,24,True
TKT-10661,2025-10-14 14:00:00,2025-10-14 14:16:54.539086,Engineering,Password Reset,Low,R. Costa,0.28,24,True
TKT-10662,2026-01-05 10:00:00,2026-01-05 11:42:33.841017,Sales,Group Membership,Medium,J. Nguyen,1.71,8,True
TKT-10663,2026-05-12 15:00:00,2026-05-12 15:06:04.590479,Operations,Account Lockout,High,J. Nguyen,0.1,2,True
TKT-10664,2025-09-26 08:00:00,2025-09-26 08:36:02.869394,Legal,Password Reset,Low,M. Singh,0.6,24,True
TKT-10665,2025-10-03 08:00:00,2025-10-03 08:50:08.755597,HR,Permission Change,High,M. Singh,0.84,2,True
TKT-10666,2026-01-15 09:00:00,2026-01-15 09:06:00.000000,Engineering,Account Lockout,Medium,T. O'Brien,0.1,8,True
TKT-10667,2025-12-18 10:00:00,2025-12-18 11:21:10.788825,Sales,MFA Issue,Medium,M. Singh,1.35,8,True
TKT-10668,2026-05-12 13:00:00,2026-05-13 00:24:55.832225,Operations,Access Request,Low,R. Costa,11.42,24,True
TKT-10669,2026-04-24 15:00:00,2026-04-24 16:35:03.638383,Legal,MFA Issue,Medium,A. Palishchuk,1.58,8,True
TKT-10670,2026-01-24 13:00:00,2026-01-24 13:06:00.000000,Sales,Password Reset,Medium,A. Palishchuk,0.1,8,True
TKT-10671,2025-09-27 09:00:00,2025-09-27 09:13:12.948270,Sales,Access Request,Low,A. Palishchuk,0.22,24,True
TKT-10672,2026-02-11 11:00:00,2026-02-11 17:42:14.279090,HR,Access Request,Medium,A. Palishchuk,6.7,8,True
TKT-10673,2025-12-06 16:00:00,2025-12-07 00:37:19.278990,HR,Group Membership,Low,A. Palishchuk,8.62,24,True
TKT-10674,2026-06-24 15:00:00,2026-06-24 17:44:49.880192,Marketing,MFA Issue,Medium,M. Singh,2.75,8,True
TKT-10675,2026-05-10 13:00:00,2026-05-10 13:10:25.004329,Marketing,Password Reset,Medium,M. Singh,0.17,8,True
TKT-10676,2026-06-21 15:00:00,2026-06-21 20:41:29.195424,Sales,Device Enrollment,Medium,R. Costa,5.69,8,True
TKT-10677,2025-11-28 12:00:00,2025-11-28 12:40:30.206159,Legal,Account Lockout,Medium,A. Palishchuk,0.68,8,True
TKT-10678,2026-06-02 14:00:00,2026-06-02 15:07:38.571649,HR,Access Request,Low,T. O'Brien,1.13,24,True
TKT-10679,2026-05-06 09:00:00,2026-05-06 09:55:54.579427,Engineering,MFA Issue,High,J. Nguyen,0.93,2,True
TKT-10680,2025-08-12 08:00:00,2025-08-12 08:31:31.273131,Marketing,Password Reset,Low,A. Palishchuk,0.53,24,True
TKT-10681,2026-04-14 15:00:00,2026-04-15 00:09:43.730822,Operations,Permission Change,Medium,A. Palishchuk,9.16,8,False
TKT-10682,2025-10-03 13:00:00,2025-10-03 13:06:54.447337,Legal,Account Lockout,High,R. Costa,0.12,2,True
TKT-10683,2026-06-08 14:00:00,2026-06-08 16:57:36.542764,Sales,Group Membership,Low,A. Palishchuk,2.96,24,True
TKT-10684,2025-07-20 10:00:00,2025-07-20 12:22:18.998109,Finance,Device Enrollment,Low,R. Costa,2.37,24,True
TKT-10685,2026-06-05 13:00:00,2026-06-05 13:20:24.751845,HR,Account Lockout,Medium,A. Palishchuk,0.34,8,True
TKT-10686,2026-06-29 11:00:00,2026-06-29 15:07:29.725593,Marketing,SSO Login Failure,Medium,T. O'Brien,4.12,8,True
TKT-10687,2025-12-20 16:00:00,2025-12-20 17:52:19.178557,Marketing,MFA Issue,Low,A. Palishchuk,1.87,24,True
TKT-10688,2026-01-16 17:00:00,2026-01-16 19:45:38.344433,Operations,Access Request,Low,R. Costa,2.76,24,True
TKT-10689,2025-07-20 15:00:00,2025-07-20 15:34:21.291651,Legal,Password Reset,Low,A. Palishchuk,0.57,24,True
TKT-10690,2026-03-24 17:00:00,2026-03-24 17:39:59.821163,Engineering,MFA Issue,High,M. Singh,0.67,2,True
TKT-10691,2026-02-15 08:00:00,2026-02-15 08:44:49.740267,Engineering,Account Lockout,High,A. Palishchuk,0.75,2,True
TKT-10692,2026-03-20 14:00:00,2026-03-20 23:26:10.731978,Marketing,Access Request,Low,J. Nguyen,9.44,24,True
TKT-10693,2025-08-20 12:00:00,2025-08-21 03:28:14.309587,Operations,Access Request,Medium,M. Singh,15.47,8,False
TKT-10694,2025-10-26 13:00:00,2025-10-26 13:45:22.016644,Finance,MFA Issue,Medium,M. Singh,0.76,8,True
TKT-10695,2025-10-30 13:00:00,2025-10-30 15:17:46.320797,Engineering,Access Request,Medium,T. O'Brien,2.3,8,True
TKT-10696,2025-07-26 16:00:00,2025-07-26 16:27:29.890522,Marketing,Password Reset,Low,A. Palishchuk,0.46,24,True
TKT-10697,2026-06-13 08:00:00,2026-06-13 09:50:24.624560,Operations,Password Reset,Low,A. Palishchuk,1.84,24,True
TKT-10698,2026-02-02 10:00:00,2026-02-02 10:28:44.811109,Marketing,Password Reset,Medium,M. Singh,0.48,8,True
TKT-10699,2026-05-16 14:00:00,2026-05-16 14:52:21.434102,Finance,Access Request,Medium,A. Palishchuk,0.87,8,True
TKT-10700,2025-11-15 16:00:00,2025-11-15 16:23:05.815216,HR,Account Lockout,Medium,J. Nguyen,0.38,8,True
TKT-10701,2026-02-21 12:00:00,2026-02-21 12:56:35.929583,Marketing,Account Lockout,Low,A. Palishchuk,0.94,24,True
TKT-10702,2025-07-01 14:00:00,2025-07-01 14:23:13.750203,Operations,Account Lockout,High,A. Palishchuk,0.39,2,True
TKT-10703,2026-04-18 09:00:00,2026-04-18 14:23:24.996185,Finance,Access Request,Medium,J. Nguyen,5.39,8,True
TKT-10704,2025-07-16 10:00:00,2025-07-16 10:35:18.982789,Finance,Password Reset,Low,R. Costa,0.59,24,True
TKT-10705,2025-08-08 16:00:00,2025-08-08 20:12:40.059467,HR,Device Enrollment,Low,T. O'Brien,4.21,24,True
TKT-10706,2026-04-18 09:00:00,2026-04-18 11:12:45.806471,Legal,MFA Issue,Low,T. O'Brien,2.21,24,True
TKT-10707,2025-09-25 17:00:00,2025-09-25 17:06:00.000000,Marketing,Password Reset,Medium,R. Costa,0.1,8,True
TKT-10708,2025-10-03 12:00:00,2025-10-03 12:06:00.000000,HR,Password Reset,High,T. O'Brien,0.1,2,True
TKT-10709,2025-12-02 14:00:00,2025-12-02 20:34:04.626812,Finance,Group Membership,Low,R. Costa,6.57,24,True
TKT-10710,2025-10-25 09:00:00,2025-10-25 09:06:00.000000,Engineering,Account Lockout,Low,A. Palishchuk,0.1,24,True
TKT-10711,2026-01-26 13:00:00,2026-01-26 13:06:00.000000,Sales,Password Reset,Low,J. Nguyen,0.1,24,True
TKT-10712,2026-01-26 11:00:00,2026-01-26 12:12:48.480816,HR,MFA Issue,Medium,T. O'Brien,1.21,8,True
TKT-10713,2025-07-25 14:00:00,2025-07-25 17:05:22.479019,Marketing,Account Lockout,Low,A. Palishchuk,3.09,24,True
TKT-10714,2026-02-09 10:00:00,2026-02-09 10:09:11.796032,Operations,Account Lockout,Medium,R. Costa,0.15,8,True
TKT-10715,2025-08-11 12:00:00,2025-08-11 20:33:56.847027,Legal,Access Request,Low,R. Costa,8.57,24,True
TKT-10716,2025-10-31 10:00:00,2025-10-31 10:19:04.055421,Marketing,Password Reset,Low,J. Nguyen,0.32,24,True
TKT-10717,2026-04-20 10:00:00,2026-04-20 11:07:21.154310,Legal,Permission Change,Low,R. Costa,1.12,24,True
TKT-10718,2025-09-23 10:00:00,2025-09-23 10:25:02.555759,Finance,Password Reset,Medium,R. Costa,0.42,8,True
TKT-10719,2026-05-29 12:00:00,2026-05-29 12:06:00.000000,Finance,Password Reset,Low,T. O'Brien,0.1,24,True
TKT-10720,2025-10-21 12:00:00,2025-10-21 18:56:22.337303,Finance,Access Request,Low,A. Palishchuk,6.94,24,True
TKT-10721,2025-07-12 16:00:00,2025-07-12 16:28:30.486586,Finance,Password Reset,Low,A. Palishchuk,0.48,24,True
TKT-10722,2026-04-05 13:00:00,2026-04-05 13:11:04.416240,Operations,SSO Login Failure,High,A. Palishchuk,0.18,2,True
TKT-10723,2026-04-10 09:00:00,2026-04-10 09:06:00.000000,Engineering,Account Lockout,Low,M. Singh,0.1,24,True
TKT-10724,2025-11-14 15:00:00,2025-11-14 15:06:00.000000,Finance,Account Lockout,Medium,A. Palishchuk,0.1,8,True
TKT-10725,2026-05-19 17:00:00,2026-05-19 17:17:02.942503,Marketing,Account Lockout,Medium,R. Costa,0.28,8,True
TKT-10726,2026-01-13 16:00:00,2026-01-13 16:06:59.256839,Sales,Password Reset,Medium,R. Costa,0.12,8,True
TKT-10727,2025-12-22 09:00:00,2025-12-22 10:23:32.091735,Legal,Account Lockout,Medium,A. Palishchuk,1.39,8,True
TKT-10728,2026-02-23 13:00:00,2026-02-23 15:35:24.368304,Engineering,SSO Login Failure,Low,T. O'Brien,2.59,24,True
TKT-10729,2025-11-28 15:00:00,2025-11-28 23:31:53.951491,HR,Device Enrollment,Low,M. Singh,8.53,24,True
TKT-10730,2026-04-15 10:00:00,2026-04-15 11:33:34.501746,Operations,Access Request,Low,M. Singh,1.56,24,True
TKT-10731,2025-10-06 10:00:00,2025-10-06 15:47:00.964968,HR,Access Request,Medium,T. O'Brien,5.78,8,True
TKT-10732,2025-07-16 10:00:00,2025-07-16 11:20:53.646636,Legal,Access Request,Low,R. Costa,1.35,24,True
TKT-10733,2026-04-08 15:00:00,2026-04-08 15:17:03.843180,Engineering,Password Reset,Low,M. Singh,0.28,24,True
TKT-10734,2026-06-28 14:00:00,2026-06-28 14:11:37.505445,Legal,Account Lockout,High,A. Palishchuk,0.19,2,True
TKT-10735,2026-05-09 14:00:00,2026-05-09 15:24:54.533447,Engineering,Access Request,Medium,T. O'Brien,1.42,8,True
TKT-10736,2025-12-17 14:00:00,2025-12-17 15:30:48.189287,Finance,Device Enrollment,Medium,M. Singh,1.51,8,True
TKT-10737,2026-05-09 12:00:00,2026-05-09 13:20:22.399701,Legal,SSO Login Failure,Medium,J. Nguyen,1.34,8,True
TKT-10738,2026-03-03 12:00:00,2026-03-03 12:06:03.260988,Sales,Password Reset,Medium,A. Palishchuk,0.1,8,True
TKT-10739,2025-11-11 16:00:00,2025-11-11 16:44:53.835721,Sales,MFA Issue,Low,T. O'Brien,0.75,24,True
TKT-10740,2026-06-20 08:00:00,2026-06-20 08:23:59.441833,Operations,Password Reset,Medium,A. Palishchuk,0.4,8,True
TKT-10741,2025-08-04 08:00:00,2025-08-04 09:17:08.698228,Engineering,Password Reset,Low,R. Costa,1.29,24,True
TKT-10742,2026-02-11 10:00:00,2026-02-11 11:45:11.131402,Finance,Device Enrollment,Medium,R. Costa,1.75,8,True
TKT-10743,2026-06-01 15:00:00,2026-06-01 16:34:46.071439,Marketing,MFA Issue,Low,R. Costa,1.58,24,True
TKT-10744,2025-09-08 16:00:00,2025-09-08 16:07:21.174661,Marketing,Password Reset,Low,M. Singh,0.12,24,True
TKT-10745,2026-03-31 15:00:00,2026-03-31 15:06:00.000000,Legal,Access Request,Medium,T. O'Brien,0.1,8,True
TKT-10746,2025-10-17 16:00:00,2025-10-17 16:47:20.550018,Finance,MFA Issue,Low,T. O'Brien,0.79,24,True
TKT-10747,2026-03-04 12:00:00,2026-03-04 12:51:08.608504,Operations,Account Lockout,Medium,A. Palishchuk,0.85,8,True
TKT-10748,2025-10-17 17:00:00,2025-10-17 17:39:40.861580,Legal,Password Reset,Low,A. Palishchuk,0.66,24,True
TKT-10749,2025-07-09 12:00:00,2025-07-09 12:06:00.000000,HR,Password Reset,High,R. Costa,0.1,2,True
TKT-10750,2026-03-25 12:00:00,2026-03-25 14:08:26.553084,Sales,MFA Issue,Medium,M. Singh,2.14,8,True
TKT-10751,2025-08-29 14:00:00,2025-08-29 14:06:00.000000,Operations,Account Lockout,Medium,J. Nguyen,0.1,8,True
TKT-10752,2025-12-26 12:00:00,2025-12-26 18:44:29.992984,HR,SSO Login Failure,Medium,A. Palishchuk,6.74,8,True
TKT-10753,2025-11-07 16:00:00,2025-11-07 16:27:48.257573,Marketing,SSO Login Failure,Medium,J. Nguyen,0.46,8,True
TKT-10754,2025-10-07 09:00:00,2025-10-07 09:39:25.247189,Marketing,Password Reset,Low,J. Nguyen,0.66,24,True
TKT-10755,2026-05-14 15:00:00,2026-05-14 16:57:20.953714,Engineering,Device Enrollment,Medium,T. O'Brien,1.96,8,True
TKT-10756,2026-06-23 11:00:00,2026-06-23 11:07:32.546216,Legal,MFA Issue,Low,A. Palishchuk,0.13,24,True
TKT-10757,2025-12-26 15:00:00,2025-12-26 15:19:56.721391,Finance,Password Reset,Medium,J. Nguyen,0.33,8,True
TKT-10758,2025-07-07 17:00:00,2025-07-07 20:02:52.025680,Legal,SSO Login Failure,Low,T. O'Brien,3.05,24,True
TKT-10759,2025-11-03 16:00:00,2025-11-03 16:07:53.451105,Legal,Password Reset,Medium,A. Palishchuk,0.13,8,True
TKT-10760,2026-04-10 10:00:00,2026-04-10 10:22:59.489234,Operations,Password Reset,Low,M. Singh,0.38,24,True
TKT-10761,2026-06-24 15:00:00,2026-06-24 22:57:00.096285,Legal,Permission Change,Low,A. Palishchuk,7.95,24,True
TKT-10762,2025-12-04 15:00:00,2025-12-04 17:00:44.317047,Marketing,Account Lockout,Low,J. Nguyen,2.01,24,True
TKT-10763,2025-07-07 08:00:00,2025-07-07 10:54:04.250741,Finance,Access Request,Medium,T. O'Brien,2.9,8,True
TKT-10764,2026-04-24 12:00:00,2026-04-24 12:50:26.821815,Engineering,Account Lockout,Low,R. Costa,0.84,24,True
TKT-10765,2026-02-12 12:00:00,2026-02-12 16:53:20.142853,Engineering,Group Membership,High,T. O'Brien,4.89,2,False
TKT-10766,2026-03-10 08:00:00,2026-03-10 09:50:46.338907,Marketing,MFA Issue,Low,T. O'Brien,1.85,24,True
TKT-10767,2026-05-31 13:00:00,2026-05-31 13:14:19.777458,Legal,MFA Issue,High,A. Palishchuk,0.24,2,True
TKT-10768,2025-08-16 16:00:00,2025-08-16 16:15:43.681230,Marketing,Password Reset,High,T. O'Brien,0.26,2,True
TKT-10769,2026-03-26 08:00:00,2026-03-26 08:29:14.654260,Operations,Password Reset,Low,R. Costa,0.49,24,True
TKT-10770,2026-01-08 16:00:00,2026-01-08 16:06:00.000000,Finance,Password Reset,High,J. Nguyen,0.1,2,True
TKT-10771,2025-09-27 15:00:00,2025-09-27 19:07:29.702975,Marketing,Access Request,Low,A. Palishchuk,4.12,24,True
TKT-10772,2026-03-29 09:00:00,2026-03-29 09:35:50.022690,Sales,Account Lockout,Low,A. Palishchuk,0.6,24,True
TKT-10773,2025-11-09 12:00:00,2025-11-09 12:16:48.029241,Finance,Account Lockout,Medium,J. Nguyen,0.28,8,True
TKT-10774,2025-11-25 10:00:00,2025-11-25 10:21:09.403082,Finance,Password Reset,Low,A. Palishchuk,0.35,24,True
TKT-10775,2026-06-28 11:00:00,2026-06-29 00:28:21.294619,Operations,Access Request,Low,A. Palishchuk,13.47,24,True
TKT-10776,2025-10-05 09:00:00,2025-10-05 12:10:44.371299,HR,SSO Login Failure,Low,R. Costa,3.18,24,True
TKT-10777,2025-09-20 08:00:00,2025-09-20 08:06:00.000000,Marketing,SSO Login Failure,Low,A. Palishchuk,0.1,24,True
TKT-10778,2026-04-16 14:00:00,2026-04-16 16:32:52.178362,Sales,SSO Login Failure,Low,J. Nguyen,2.55,24,True
TKT-10779,2025-10-21 12:00:00,2025-10-21 16:11:54.625359,Sales,SSO Login Failure,Medium,T. O'Brien,4.2,8,True
TKT-10780,2026-04-12 17:00:00,2026-04-13 05:52:29.218193,Sales,Access Request,Low,T. O'Brien,12.87,24,True
TKT-10781,2026-04-22 13:00:00,2026-04-22 20:16:05.235884,HR,MFA Issue,Medium,T. O'Brien,7.27,8,True
TKT-10782,2026-04-11 12:00:00,2026-04-11 13:25:10.764777,Sales,Access Request,High,A. Palishchuk,1.42,2,True
TKT-10783,2025-12-26 13:00:00,2025-12-26 13:06:00.000000,Finance,MFA Issue,Medium,T. O'Brien,0.1,8,True
TKT-10784,2025-07-24 14:00:00,2025-07-24 14:10:19.936475,Engineering,Password Reset,Medium,J. Nguyen,0.17,8,True
TKT-10785,2025-07-22 11:00:00,2025-07-22 14:51:02.114308,Finance,Device Enrollment,Medium,T. O'Brien,3.85,8,True
TKT-10786,2025-10-20 09:00:00,2025-10-20 09:45:11.494527,Finance,MFA Issue,Low,T. O'Brien,0.75,24,True
TKT-10787,2026-04-04 10:00:00,2026-04-04 10:06:00.000000,Engineering,Account Lockout,Low,M. Singh,0.1,24,True
TKT-10788,2026-05-04 12:00:00,2026-05-05 12:15:59.759033,Engineering,Access Request,Low,M. Singh,24.27,24,False
TKT-10789,2025-07-16 13:00:00,2025-07-16 13:44:01.059602,Sales,Password Reset,Medium,R. Costa,0.73,8,True
TKT-10790,2026-03-30 16:00:00,2026-03-30 18:47:37.144312,HR,Device Enrollment,High,J. Nguyen,2.79,2,False
TKT-10791,2026-04-28 11:00:00,2026-04-28 13:19:56.209199,Sales,SSO Login Failure,Low,A. Palishchuk,2.33,24,True
TKT-10792,2025-11-02 08:00:00,2025-11-02 16:04:12.741273,HR,Access Request,Medium,M. Singh,8.07,8,False
TKT-10793,2026-02-24 12:00:00,2026-02-24 13:29:40.859448,Finance,Access Request,Medium,A. Palishchuk,1.49,8,True
TKT-10794,2026-05-31 17:00:00,2026-05-31 20:50:01.118598,Engineering,SSO Login Failure,Medium,T. O'Brien,3.83,8,True
TKT-10795,2026-05-13 09:00:00,2026-05-13 19:20:24.399287,Legal,SSO Login Failure,Low,R. Costa,10.34,24,True
TKT-10796,2025-12-01 10:00:00,2025-12-01 10:09:14.048931,Finance,Account Lockout,Low,R. Costa,0.15,24,True
TKT-10797,2025-09-09 10:00:00,2025-09-09 22:53:23.690035,Finance,Device Enrollment,Medium,J. Nguyen,12.89,8,False
TKT-10798,2026-03-27 11:00:00,2026-03-27 11:09:24.280739,Sales,Account Lockout,Low,M. Singh,0.16,24,True
TKT-10799,2025-11-03 08:00:00,2025-11-03 11:51:36.473572,Engineering,Access Request,High,M. Singh,3.86,2,False
TKT-10800,2025-08-25 16:00:00,2025-08-25 23:28:57.546857,Marketing,Access Request,Medium,R. Costa,7.48,8,True
TKT-10801,2025-11-07 11:00:00,2025-11-07 12:44:02.906994,HR,Access Request,Low,A. Palishchuk,1.73,24,True
TKT-10802,2026-01-19 17:00:00,2026-01-19 17:14:12.671591,Finance,SSO Login Failure,Low,A. Palishchuk,0.24,24,True
TKT-10803,2025-10-28 08:00:00,2025-10-28 08:06:00.000000,Finance,Password Reset,High,A. Palishchuk,0.1,2,True
TKT-10804,2025-11-14 11:00:00,2025-11-15 04:33:27.613923,Sales,Permission Change,Low,M. Singh,17.56,24,True
TKT-10805,2025-11-26 09:00:00,2025-11-26 12:03:32.693855,Sales,Permission Change,Medium,M. Singh,3.06,8,True
TKT-10806,2026-01-28 12:00:00,2026-01-28 14:09:15.093464,Operations,Account Lockout,Low,J. Nguyen,2.15,24,True
TKT-10807,2026-06-03 11:00:00,2026-06-03 11:06:00.000000,Operations,Account Lockout,Medium,A. Palishchuk,0.1,8,True
TKT-10808,2026-03-28 12:00:00,2026-03-28 15:28:29.249009,Sales,Permission Change,Low,J. Nguyen,3.47,24,True
TKT-10809,2025-09-30 08:00:00,2025-09-30 11:22:47.749379,Sales,Access Request,Low,R. Costa,3.38,24,True
TKT-10810,2025-09-14 08:00:00,2025-09-14 10:23:11.995148,Sales,MFA Issue,Medium,J. Nguyen,2.39,8,True
TKT-10811,2026-05-04 11:00:00,2026-05-04 16:24:48.270445,Operations,Permission Change,Medium,M. Singh,5.41,8,True
TKT-10812,2025-11-06 08:00:00,2025-11-06 08:19:06.954709,Operations,Password Reset,Low,R. Costa,0.32,24,True
TKT-10813,2025-11-11 11:00:00,2025-11-11 11:23:40.179539,Sales,Password Reset,Medium,R. Costa,0.39,8,True
TKT-10814,2025-12-08 17:00:00,2025-12-08 17:06:00.000000,HR,Password Reset,Low,M. Singh,0.1,24,True
TKT-10815,2025-07-02 08:00:00,2025-07-02 12:54:50.904592,Marketing,Permission Change,Medium,J. Nguyen,4.91,8,True
TKT-10816,2026-04-08 12:00:00,2026-04-08 12:06:00.000000,Finance,Password Reset,Low,J. Nguyen,0.1,24,True
TKT-10817,2026-01-21 14:00:00,2026-01-22 00:27:08.694853,HR,Access Request,Low,M. Singh,10.45,24,True
TKT-10818,2025-12-30 15:00:00,2025-12-30 16:01:21.898388,Sales,SSO Login Failure,High,T. O'Brien,1.02,2,True
TKT-10819,2026-02-23 13:00:00,2026-02-23 13:53:34.119486,HR,Access Request,Low,M. Singh,0.89,24,True
TKT-10820,2026-02-07 12:00:00,2026-02-08 03:02:15.571611,Marketing,Access Request,Low,A. Palishchuk,15.04,24,True
TKT-10821,2025-08-22 12:00:00,2025-08-22 12:24:04.824352,Engineering,SSO Login Failure,Medium,A. Palishchuk,0.4,8,True
TKT-10822,2025-07-23 12:00:00,2025-07-23 13:18:45.256470,Finance,Access Request,Medium,R. Costa,1.31,8,True
TKT-10823,2026-05-24 12:00:00,2026-05-25 01:11:49.447222,Operations,Device Enrollment,Medium,J. Nguyen,13.2,8,False
TKT-10824,2025-07-14 14:00:00,2025-07-14 14:53:59.584140,Marketing,SSO Login Failure,High,R. Costa,0.9,2,True
TKT-10825,2025-07-10 17:00:00,2025-07-10 17:50:04.270796,Finance,Password Reset,Medium,R. Costa,0.83,8,True
TKT-10826,2025-07-04 17:00:00,2025-07-04 17:37:26.932441,HR,Password Reset,Low,R. Costa,0.62,24,True
TKT-10827,2025-07-19 09:00:00,2025-07-19 09:06:05.538722,Operations,Password Reset,Medium,M. Singh,0.1,8,True
TKT-10828,2025-11-17 16:00:00,2025-11-17 17:08:36.843109,HR,Access Request,Low,A. Palishchuk,1.14,24,True
TKT-10829,2026-01-28 15:00:00,2026-01-28 16:50:13.859930,Marketing,SSO Login Failure,Low,M. Singh,1.84,24,True
TKT-10830,2026-06-07 12:00:00,2026-06-07 13:27:18.595747,Legal,Password Reset,Low,R. Costa,1.46,24,True
TKT-10831,2025-11-06 17:00:00,2025-11-06 18:40:27.064287,HR,SSO Login Failure,Low,T. O'Brien,1.67,24,True
TKT-10832,2025-11-22 10:00:00,2025-11-22 10:13:55.583869,Operations,SSO Login Failure,Low,R. Costa,0.23,24,True
TKT-10833,2026-06-06 16:00:00,2026-06-06 17:05:35.607934,HR,MFA Issue,Low,A. Palishchuk,1.09,24,True
TKT-10834,2026-06-17 17:00:00,2026-06-17 17:43:55.638296,Sales,Password Reset,Medium,R. Costa,0.73,8,True
TKT-10835,2026-05-27 14:00:00,2026-05-27 15:10:04.410405,Operations,Password Reset,Low,M. Singh,1.17,24,True
TKT-10836,2026-02-17 08:00:00,2026-02-17 11:33:35.813377,Sales,Device Enrollment,Low,R. Costa,3.56,24,True
TKT-10837,2026-03-03 09:00:00,2026-03-03 09:13:11.486099,HR,MFA Issue,Low,A. Palishchuk,0.22,24,True
TKT-10838,2026-06-08 11:00:00,2026-06-08 12:29:48.649270,Finance,Group Membership,High,R. Costa,1.5,2,True
TKT-10839,2026-04-22 16:00:00,2026-04-22 16:54:44.074956,Engineering,MFA Issue,Medium,A. Palishchuk,0.91,8,True
TKT-10840,2026-03-08 13:00:00,2026-03-08 13:21:11.179094,Finance,Password Reset,Low,R. Costa,0.35,24,True
TKT-10841,2025-08-26 12:00:00,2025-08-26 12:14:53.481985,Engineering,Password Reset,Low,T. O'Brien,0.25,24,True
TKT-10842,2026-01-02 17:00:00,2026-01-02 18:37:56.815305,Sales,SSO Login Failure,High,J. Nguyen,1.63,2,True
TKT-10843,2026-03-15 12:00:00,2026-03-15 13:31:40.640500,Legal,Access Request,High,R. Costa,1.53,2,True
TKT-10844,2026-01-04 16:00:00,2026-01-04 19:45:57.017906,Sales,Access Request,High,M. Singh,3.77,2,False
TKT-10845,2025-12-16 12:00:00,2025-12-16 12:58:13.146384,Legal,MFA Issue,Medium,M. Singh,0.97,8,True
TKT-10846,2026-06-20 11:00:00,2026-06-20 11:39:55.332070,Sales,SSO Login Failure,Low,T. O'Brien,0.67,24,True
TKT-10847,2025-11-28 12:00:00,2025-11-29 20:34:48.237846,Operations,Access Request,Low,A. Palishchuk,32.58,24,False
TKT-10848,2025-11-21 11:00:00,2025-11-21 12:54:46.545415,HR,Device Enrollment,Medium,J. Nguyen,1.91,8,True
TKT-10849,2026-06-22 08:00:00,2026-06-22 09:13:20.083303,Marketing,Password Reset,Medium,R. Costa,1.22,8,True
TKT-10850,2025-10-07 12:00:00,2025-10-07 14:17:53.505598,Operations,Group Membership,Low,M. Singh,2.3,24,True
TKT-10851,2025-09-16 17:00:00,2025-09-16 18:27:13.028219,Finance,Access Request,Medium,M. Singh,1.45,8,True
TKT-10852,2026-03-13 10:00:00,2026-03-13 10:40:14.694822,Operations,Password Reset,Medium,J. Nguyen,0.67,8,True
TKT-10853,2025-12-29 10:00:00,2025-12-29 10:45:08.010747,HR,Password Reset,High,T. O'Brien,0.75,2,True
TKT-10854,2025-10-06 11:00:00,2025-10-06 12:25:31.315358,Engineering,Account Lockout,Medium,T. O'Brien,1.43,8,True
TKT-10855,2025-09-01 16:00:00,2025-09-01 16:45:02.545116,Finance,MFA Issue,Medium,A. Palishchuk,0.75,8,True
TKT-10856,2026-01-23 17:00:00,2026-01-23 18:46:31.493783,Finance,Permission Change,Low,A. Palishchuk,1.78,24,True
TKT-10857,2026-02-03 08:00:00,2026-02-03 14:49:41.404270,Sales,Access Request,Low,M. Singh,6.83,24,True
TKT-10858,2025-09-28 08:00:00,2025-09-28 08:07:15.507012,Engineering,MFA Issue,Medium,J. Nguyen,0.12,8,True
TKT-10859,2026-01-15 14:00:00,2026-01-15 14:32:28.979763,Legal,Password Reset,Medium,R. Costa,0.54,8,True
TKT-10860,2025-12-15 10:00:00,2025-12-15 12:15:51.907053,Sales,Access Request,High,R. Costa,2.26,2,False
TKT-10861,2025-07-27 11:00:00,2025-07-27 14:21:18.901521,Engineering,Permission Change,Low,M. Singh,3.36,24,True
TKT-10862,2026-06-07 09:00:00,2026-06-07 09:22:13.457501,Legal,Permission Change,Low,A. Palishchuk,0.37,24,True
TKT-10863,2026-01-12 17:00:00,2026-01-12 17:16:50.845061,HR,Device Enrollment,Medium,J. Nguyen,0.28,8,True
TKT-10864,2025-11-22 09:00:00,2025-11-22 13:46:24.236914,Marketing,Device Enrollment,Medium,A. Palishchuk,4.77,8,True
TKT-10865,2026-06-21 11:00:00,2026-06-21 12:40:39.527282,HR,Device Enrollment,Low,A. Palishchuk,1.68,24,True
TKT-10866,2025-08-03 09:00:00,2025-08-03 09:35:51.476528,Operations,MFA Issue,High,A. Palishchuk,0.6,2,True
TKT-10867,2025-07-10 13:00:00,2025-07-10 14:06:20.910365,Finance,MFA Issue,Medium,M. Singh,1.11,8,True
TKT-10868,2026-02-16 12:00:00,2026-02-16 12:07:31.167311,Sales,SSO Login Failure,Low,A. Palishchuk,0.13,24,True
TKT-10869,2026-05-04 15:00:00,2026-05-05 02:56:07.220548,Finance,Access Request,Low,A. Palishchuk,11.94,24,True
TKT-10870,2025-10-05 08:00:00,2025-10-05 10:46:45.592139,Finance,Group Membership,Low,T. O'Brien,2.78,24,True
TKT-10871,2026-02-04 12:00:00,2026-02-05 01:54:10.330582,HR,Permission Change,Low,J. Nguyen,13.9,24,True
TKT-10872,2025-12-29 16:00:00,2025-12-29 19:22:54.012097,Marketing,Group Membership,Low,T. O'Brien,3.38,24,True
TKT-10873,2025-07-19 08:00:00,2025-07-19 11:22:11.047459,Finance,Group Membership,Low,J. Nguyen,3.37,24,True
TKT-10874,2025-11-30 13:00:00,2025-11-30 13:06:00.000000,Sales,Password Reset,Low,J. Nguyen,0.1,24,True
TKT-10875,2026-01-14 10:00:00,2026-01-14 13:04:56.968009,Operations,MFA Issue,Low,M. Singh,3.08,24,True
TKT-10876,2026-01-27 15:00:00,2026-01-27 17:06:16.240563,HR,Password Reset,Low,M. Singh,2.1,24,True
TKT-10877,2026-04-09 09:00:00,2026-04-09 16:55:35.921314,Legal,Access Request,Medium,T. O'Brien,7.93,8,True
TKT-10878,2026-03-03 14:00:00,2026-03-03 15:26:43.794620,Marketing,Access Request,Low,A. Palishchuk,1.45,24,True
TKT-10879,2025-12-05 11:00:00,2025-12-05 11:45:54.632653,Marketing,Account Lockout,Low,J. Nguyen,0.77,24,True
TKT-10880,2025-08-26 10:00:00,2025-08-26 11:26:31.559077,Engineering,Account Lockout,Low,A. Palishchuk,1.44,24,True
TKT-10881,2025-11-06 16:00:00,2025-11-07 02:16:10.812674,Marketing,Device Enrollment,Low,M. Singh,10.27,24,True
TKT-10882,2026-06-30 11:00:00,2026-06-30 12:22:09.400662,Legal,MFA Issue,Low,A. Palishchuk,1.37,24,True
TKT-10883,2025-10-04 14:00:00,2025-10-05 16:36:01.057483,Engineering,Access Request,Low,M. Singh,26.6,24,False
TKT-10884,2025-12-14 08:00:00,2025-12-14 08:23:37.374780,Marketing,Account Lockout,High,M. Singh,0.39,2,True
TKT-10885,2025-08-07 16:00:00,2025-08-08 09:41:48.395672,Engineering,Permission Change,Low,R. Costa,17.7,24,True
TKT-10886,2026-02-05 11:00:00,2026-02-06 01:17:21.036766,Sales,Device Enrollment,Low,R. Costa,14.29,24,True
TKT-10887,2025-11-27 14:00:00,2025-11-27 14:06:00.000000,Legal,Password Reset,Low,J. Nguyen,0.1,24,True
TKT-10888,2025-07-01 14:00:00,2025-07-01 14:45:14.927862,Sales,MFA Issue,Low,A. Palishchuk,0.75,24,True
TKT-10889,2026-06-24 09:00:00,2026-06-24 11:02:56.415366,Finance,SSO Login Failure,Medium,A. Palishchuk,2.05,8,True
TKT-10890,2026-05-14 16:00:00,2026-05-14 16:11:07.797368,Legal,SSO Login Failure,Medium,A. Palishchuk,0.19,8,True
TKT-10891,2025-08-14 17:00:00,2025-08-14 19:15:58.358217,Marketing,MFA Issue,Low,T. O'Brien,2.27,24,True
TKT-10892,2025-07-03 13:00:00,2025-07-03 13:06:00.000000,Operations,Account Lockout,Low,J. Nguyen,0.1,24,True
TKT-10893,2025-07-07 15:00:00,2025-07-07 21:32:02.513280,HR,Permission Change,Low,A. Palishchuk,6.53,24,True
TKT-10894,2026-05-21 17:00:00,2026-05-21 17:06:00.000000,Marketing,Password Reset,Medium,T. O'Brien,0.1,8,True
TKT-10895,2026-03-16 11:00:00,2026-03-16 11:44:35.462923,Legal,MFA Issue,Low,A. Palishchuk,0.74,24,True
TKT-10896,2026-04-22 11:00:00,2026-04-22 13:41:19.999770,HR,SSO Login Failure,Low,J. Nguyen,2.69,24,True
TKT-10897,2026-06-20 08:00:00,2026-06-20 09:22:05.683676,HR,SSO Login Failure,Low,A. Palishchuk,1.37,24,True
TKT-10898,2025-07-22 14:00:00,2025-07-23 06:31:02.371559,Operations,Permission Change,Medium,M. Singh,16.52,8,False
TKT-10899,2025-08-08 16:00:00,2025-08-08 16:22:44.714784,Sales,Password Reset,Medium,A. Palishchuk,0.38,8,True
TKT-10900,2025-08-09 13:00:00,2025-08-09 13:37:37.917157,Operations,Account Lockout,Low,R. Costa,0.63,24,True
TKT-10901,2026-05-23 12:00:00,2026-05-23 12:32:54.682584,Legal,Account Lockout,Medium,A. Palishchuk,0.55,8,True
TKT-10902,2026-05-23 09:00:00,2026-05-23 14:29:45.569050,Sales,Permission Change,Low,A. Palishchuk,5.5,24,True
TKT-10903,2026-01-15 14:00:00,2026-01-15 16:57:04.633542,Engineering,Permission Change,High,R. Costa,2.95,2,False
TKT-10904,2025-12-13 09:00:00,2025-12-13 11:18:34.688642,Finance,Permission Change,Medium,T. O'Brien,2.31,8,True
TKT-10905,2025-12-12 08:00:00,2025-12-12 08:44:00.488677,Legal,Account Lockout,Low,T. O'Brien,0.73,24,True
TKT-10906,2026-04-19 10:00:00,2026-04-19 10:12:53.261748,HR,MFA Issue,Medium,M. Singh,0.21,8,True
TKT-10907,2026-02-10 13:00:00,2026-02-10 13:43:27.051952,Operations,Account Lockout,Low,R. Costa,0.72,24,True
TKT-10908,2026-05-11 12:00:00,2026-05-11 12:47:33.374076,Operations,Account Lockout,High,A. Palishchuk,0.79,2,True
TKT-10909,2026-05-10 17:00:00,2026-05-10 17:35:14.213499,Marketing,MFA Issue,Low,J. Nguyen,0.59,24,True
TKT-10910,2026-02-11 12:00:00,2026-02-11 12:35:48.305130,Finance,Device Enrollment,Medium,T. O'Brien,0.6,8,True
TKT-10911,2025-12-29 17:00:00,2025-12-29 17:16:31.167655,Operations,MFA Issue,High,T. O'Brien,0.28,2,True
TKT-10912,2025-10-05 13:00:00,2025-10-05 16:37:13.439413,Legal,SSO Login Failure,Medium,J. Nguyen,3.62,8,True
TKT-10913,2025-09-04 11:00:00,2025-09-04 16:12:40.624402,Engineering,Device Enrollment,Medium,R. Costa,5.21,8,True
TKT-10914,2025-10-11 08:00:00,2025-10-11 08:12:43.173244,Engineering,Permission Change,Low,A. Palishchuk,0.21,24,True
TKT-10915,2025-11-03 17:00:00,2025-11-03 17:24:41.314130,Operations,Password Reset,Low,T. O'Brien,0.41,24,True
TKT-10916,2025-10-22 11:00:00,2025-10-23 15:02:57.186609,Finance,Access Request,Low,T. O'Brien,28.05,24,False
TKT-10917,2026-02-03 12:00:00,2026-02-03 12:14:02.860223,Operations,Account Lockout,Medium,A. Palishchuk,0.23,8,True
TKT-10918,2025-10-31 08:00:00,2025-10-31 08:49:03.372829,Operations,Password Reset,Low,J. Nguyen,0.82,24,True
TKT-10919,2026-05-07 12:00:00,2026-05-07 14:46:51.309433,Marketing,Permission Change,Medium,J. Nguyen,2.78,8,True
TKT-10920,2025-12-21 16:00:00,2025-12-21 20:09:31.817534,Marketing,Permission Change,Low,A. Palishchuk,4.16,24,True
TKT-10921,2026-06-06 15:00:00,2026-06-06 15:17:17.397346,Finance,Password Reset,Medium,R. Costa,0.29,8,True
TKT-10922,2026-03-22 17:00:00,2026-03-22 21:04:28.378899,Operations,SSO Login Failure,Medium,A. Palishchuk,4.07,8,True
TKT-10923,2026-06-07 14:00:00,2026-06-07 14:06:00.000000,HR,Account Lockout,Medium,A. Palishchuk,0.1,8,True
TKT-10924,2025-12-06 12:00:00,2025-12-06 13:46:08.533021,Operations,MFA Issue,Low,A. Palishchuk,1.77,24,True
TKT-10925,2026-05-01 15:00:00,2026-05-01 15:27:39.767035,HR,SSO Login Failure,Medium,J. Nguyen,0.46,8,True
TKT-10926,2025-08-27 09:00:00,2025-08-27 10:28:49.210152,Sales,Account Lockout,High,R. Costa,1.48,2,True
TKT-10927,2025-11-30 13:00:00,2025-11-30 13:35:01.070869,Operations,MFA Issue,Medium,M. Singh,0.58,8,True
TKT-10928,2025-09-20 14:00:00,2025-09-20 17:26:17.175639,HR,Device Enrollment,Medium,M. Singh,3.44,8,True
TKT-10929,2026-01-25 08:00:00,2026-01-25 08:06:00.000000,Engineering,Password Reset,High,M. Singh,0.1,2,True
TKT-10930,2026-05-27 15:00:00,2026-05-27 19:48:11.412267,Finance,MFA Issue,Low,A. Palishchuk,4.8,24,True
TKT-10931,2025-08-04 15:00:00,2025-08-04 15:34:14.729802,Finance,Access Request,High,A. Palishchuk,0.57,2,True
TKT-10932,2026-01-23 16:00:00,2026-01-23 17:01:12.252546,HR,MFA Issue,Medium,J. Nguyen,1.02,8,True
TKT-10933,2025-09-13 09:00:00,2025-09-13 09:06:09.629642,Legal,Group Membership,High,A. Palishchuk,0.1,2,True
TKT-10934,2026-03-16 14:00:00,2026-03-17 05:18:15.577289,Sales,Permission Change,Low,T. O'Brien,15.3,24,True
TKT-10935,2025-11-09 11:00:00,2025-11-09 15:03:58.915777,Finance,Access Request,High,R. Costa,4.07,2,False
TKT-10936,2025-08-04 13:00:00,2025-08-04 14:05:05.072697,Engineering,MFA Issue,Medium,M. Singh,1.08,8,True
TKT-10937,2025-11-05 10:00:00,2025-11-05 10:06:35.331235,Operations,Password Reset,Medium,R. Costa,0.11,8,True
TKT-10938,2025-09-06 11:00:00,2025-09-06 11:15:34.302762,Sales,MFA Issue,Low,R. Costa,0.26,24,True
TKT-10939,2025-07-21 11:00:00,2025-07-21 11:37:07.567422,Marketing,SSO Login Failure,Medium,A. Palishchuk,0.62,8,True
TKT-10940,2026-03-30 10:00:00,2026-03-30 10:32:09.611001,HR,Device Enrollment,High,A. Palishchuk,0.54,2,True
TKT-10941,2025-08-28 08:00:00,2025-08-28 08:50:15.408580,HR,Group Membership,Medium,A. Palishchuk,0.84,8,True
TKT-10942,2026-04-23 10:00:00,2026-04-23 12:58:27.031688,Operations,Device Enrollment,Medium,J. Nguyen,2.97,8,True
TKT-10943,2026-03-04 10:00:00,2026-03-04 10:34:53.781214,Engineering,Account Lockout,Low,A. Palishchuk,0.58,24,True
TKT-10944,2026-04-27 17:00:00,2026-04-27 17:10:51.972448,Finance,SSO Login Failure,Low,A. Palishchuk,0.18,24,True
TKT-10945,2025-07-29 09:00:00,2025-07-29 12:18:14.527955,Operations,SSO Login Failure,Low,M. Singh,3.3,24,True
TKT-10946,2026-03-17 09:00:00,2026-03-18 02:49:00.876003,Engineering,Access Request,Low,M. Singh,17.82,24,True
TKT-10947,2025-10-22 17:00:00,2025-10-22 18:33:43.295153,Legal,Password Reset,Low,A. Palishchuk,1.56,24,True
TKT-10948,2025-10-20 16:00:00,2025-10-20 19:28:14.054738,Finance,Device Enrollment,Low,T. O'Brien,3.47,24,True
TKT-10949,2026-04-19 15:00:00,2026-04-19 15:52:31.189482,Legal,Access Request,Medium,J. Nguyen,0.88,8,True
TKT-10950,2026-02-19 08:00:00,2026-02-19 08:37:05.806075,Engineering,MFA Issue,Low,A. Palishchuk,0.62,24,True
TKT-10951,2026-03-10 16:00:00,2026-03-10 16:53:38.607870,Finance,MFA Issue,High,M. Singh,0.89,2,True
TKT-10952,2026-02-16 10:00:00,2026-02-16 10:28:19.882749,Finance,Device Enrollment,Low,M. Singh,0.47,24,True
TKT-10953,2025-07-31 09:00:00,2025-07-31 10:17:13.009580,Sales,MFA Issue,Low,M. Singh,1.29,24,True
TKT-10954,2026-03-13 15:00:00,2026-03-13 15:39:33.193318,Legal,Password Reset,Low,A. Palishchuk,0.66,24,True
TKT-10955,2025-08-24 10:00:00,2025-08-24 16:36:11.517563,Operations,Group Membership,Low,J. Nguyen,6.6,24,True
TKT-10956,2026-01-04 17:00:00,2026-01-04 22:01:13.448367,Engineering,Permission Change,Medium,R. Costa,5.02,8,True
TKT-10957,2025-11-23 12:00:00,2025-11-23 13:00:22.452667,Operations,Account Lockout,Low,A. Palishchuk,1.01,24,True
TKT-10958,2025-10-22 15:00:00,2025-10-22 15:30:45.693904,Finance,Permission Change,High,M. Singh,0.51,2,True
TKT-10959,2026-05-27 15:00:00,2026-05-27 16:11:59.994869,Engineering,SSO Login Failure,High,J. Nguyen,1.2,2,True
TKT-10960,2025-12-17 14:00:00,2025-12-17 19:28:09.294057,Finance,SSO Login Failure,Low,A. Palishchuk,5.47,24,True
TKT-10961,2026-04-05 14:00:00,2026-04-05 14:15:48.159691,HR,Account Lockout,Low,A. Palishchuk,0.26,24,True
TKT-10962,2025-12-24 17:00:00,2025-12-24 17:06:00.000000,Engineering,Account Lockout,Medium,J. Nguyen,0.1,8,True
TKT-10963,2026-02-20 09:00:00,2026-02-20 09:13:19.783566,Legal,Password Reset,Medium,R. Costa,0.22,8,True
TKT-10964,2025-12-23 08:00:00,2025-12-23 09:19:15.455240,Sales,Password Reset,Low,J. Nguyen,1.32,24,True
TKT-10965,2026-02-01 09:00:00,2026-02-01 09:12:29.680208,Legal,Account Lockout,Low,A. Palishchuk,0.21,24,True
TKT-10966,2026-01-02 13:00:00,2026-01-02 17:20:11.184116,HR,Device Enrollment,Low,R. Costa,4.34,24,True
TKT-10967,2026-04-04 10:00:00,2026-04-04 10:06:00.000000,Operations,Password Reset,Low,J. Nguyen,0.1,24,True
TKT-10968,2025-12-30 16:00:00,2025-12-30 17:41:51.219405,Engineering,Password Reset,Low,T. O'Brien,1.7,24,True
TKT-10969,2026-04-17 13:00:00,2026-04-18 04:04:15.122926,Legal,Access Request,Low,J. Nguyen,15.07,24,True
TKT-10970,2026-05-19 09:00:00,2026-05-19 13:04:20.711741,Engineering,Group Membership,Low,J. Nguyen,4.07,24,True
TKT-10971,2025-11-06 09:00:00,2025-11-06 09:06:00.000000,Engineering,Password Reset,Medium,R. Costa,0.1,8,True
TKT-10972,2025-11-16 14:00:00,2025-11-16 19:02:34.515273,Legal,Device Enrollment,Medium,J. Nguyen,5.04,8,True
TKT-10973,2025-08-11 16:00:00,2025-08-11 17:00:39.583316,Engineering,Password Reset,High,J. Nguyen,1.01,2,True
TKT-10974,2026-01-31 09:00:00,2026-01-31 09:19:01.463768,Engineering,SSO Login Failure,Medium,M. Singh,0.32,8,True
TKT-10975,2026-03-13 16:00:00,2026-03-13 16:39:06.143460,Sales,Password Reset,Low,J. Nguyen,0.65,24,True
TKT-10976,2025-09-25 12:00:00,2025-09-26 07:06:44.263050,Marketing,Device Enrollment,Low,R. Costa,19.11,24,True
TKT-10977,2025-08-13 11:00:00,2025-08-13 11:35:03.382530,Sales,Password Reset,Medium,T. O'Brien,0.58,8,True
TKT-10978,2025-09-14 14:00:00,2025-09-15 00:37:47.593283,Marketing,Device Enrollment,Low,A. Palishchuk,10.63,24,True
TKT-10979,2025-09-23 12:00:00,2025-09-23 12:30:04.804960,Finance,Password Reset,Low,A. Palishchuk,0.5,24,True
TKT-10980,2025-12-21 12:00:00,2025-12-21 14:05:42.949992,Finance,Group Membership,Medium,A. Palishchuk,2.1,8,True
TKT-10981,2025-10-13 10:00:00,2025-10-13 10:12:32.500622,HR,Password Reset,Medium,R. Costa,0.21,8,True
TKT-10982,2026-06-14 11:00:00,2026-06-14 19:59:47.240066,Sales,Access Request,Low,M. Singh,9.0,24,True
TKT-10983,2025-07-26 13:00:00,2025-07-26 14:09:12.622386,Operations,MFA Issue,Medium,T. O'Brien,1.15,8,True
TKT-10984,2025-08-17 16:00:00,2025-08-17 16:43:07.915769,Sales,Password Reset,Medium,R. Costa,0.72,8,True
TKT-10985,2026-01-21 16:00:00,2026-01-22 11:18:13.124054,Legal,Device Enrollment,Medium,A. Palishchuk,19.3,8,False
TKT-10986,2025-10-12 13:00:00,2025-10-12 17:25:32.739381,Sales,Permission Change,Medium,A. Palishchuk,4.43,8,True
TKT-10987,2026-01-21 17:00:00,2026-01-21 17:37:05.414231,Legal,Device Enrollment,Low,J. Nguyen,0.62,24,True
TKT-10988,2025-12-25 09:00:00,2025-12-25 09:49:59.236377,Finance,SSO Login Failure,Low,M. Singh,0.83,24,True
TKT-10989,2026-05-01 09:00:00,2026-05-01 09:32:37.626658,Engineering,Permission Change,Medium,A. Palishchuk,0.54,8,True
TKT-10990,2025-07-29 14:00:00,2025-07-29 14:24:39.943510,Operations,Device Enrollment,Medium,T. O'Brien,0.41,8,True
TKT-10991,2025-08-26 08:00:00,2025-08-26 09:19:01.319915,Operations,MFA Issue,Medium,R. Costa,1.32,8,True
TKT-10992,2025-09-15 09:00:00,2025-09-15 19:42:02.377310,Sales,Access Request,Medium,R. Costa,10.7,8,False
TKT-10993,2026-01-05 13:00:00,2026-01-05 14:32:24.610456,Operations,Account Lockout,Low,R. Costa,1.54,24,True
TKT-10994,2026-01-12 17:00:00,2026-01-12 17:19:39.317485,Sales,MFA Issue,High,A. Palishchuk,0.33,2,True
TKT-10995,2026-02-07 08:00:00,2026-02-07 08:30:38.071657,Marketing,Password Reset,Low,J. Nguyen,0.51,24,True
TKT-10996,2026-02-26 12:00:00,2026-02-26 13:09:53.913122,Finance,Group Membership,Low,R. Costa,1.16,24,True
TKT-10997,2026-04-09 11:00:00,2026-04-09 13:50:09.349207,Marketing,SSO Login Failure,Low,J. Nguyen,2.84,24,True
TKT-10998,2025-10-11 08:00:00,2025-10-11 10:59:16.109462,Legal,SSO Login Failure,High,A. Palishchuk,2.99,2,False
TKT-10999,2025-07-26 16:00:00,2025-07-26 16:07:49.456178,Sales,Password Reset,High,J. Nguyen,0.13,2,True
TKT-11000,2026-05-11 17:00:00,2026-05-11 17:24:02.104415,Sales,MFA Issue,Medium,A. Palishchuk,0.4,8,True
TKT-11001,2025-10-17 13:00:00,2025-10-17 13:06:00.000000,Marketing,SSO Login Failure,Low,A. Palishchuk,0.1,24,True
TKT-11002,2026-04-08 16:00:00,2026-04-08 16:08:18.877572,Sales,Account Lockout,High,R. Costa,0.14,2,True
TKT-11003,2025-08-22 10:00:00,2025-08-22 22:01:40.759775,Legal,Access Request,Medium,R. Costa,12.03,8,False
TKT-11004,2025-09-25 10:00:00,2025-09-25 10:18:23.447576,Legal,Password Reset,Low,T. O'Brien,0.31,24,True
TKT-11005,2025-10-15 17:00:00,2025-10-15 18:31:32.224255,Marketing,MFA Issue,Medium,T. O'Brien,1.53,8,True
TKT-11006,2026-04-05 17:00:00,2026-04-06 23:57:14.572390,Operations,Access Request,Low,A. Palishchuk,30.95,24,False
TKT-11007,2026-03-31 14:00:00,2026-03-31 14:20:09.515852,Finance,Password Reset,Low,T. O'Brien,0.34,24,True
TKT-11008,2026-01-07 10:00:00,2026-01-07 10:08:05.434914,Legal,Password Reset,Low,A. Palishchuk,0.13,24,True
TKT-11009,2025-12-18 10:00:00,2025-12-18 12:30:07.404142,Sales,Account Lockout,Low,M. Singh,2.5,24,True
TKT-11010,2025-09-07 11:00:00,2025-09-07 11:08:56.001192,Engineering,Password Reset,Low,A. Palishchuk,0.15,24,True
TKT-11011,2025-11-23 08:00:00,2025-11-23 11:35:46.832140,Legal,Access Request,Low,R. Costa,3.6,24,True
TKT-11012,2026-01-30 10:00:00,2026-01-30 11:36:42.552393,Legal,Permission Change,Medium,R. Costa,1.61,8,True
TKT-11013,2026-06-02 14:00:00,2026-06-02 14:10:45.461581,Marketing,Password Reset,Low,J. Nguyen,0.18,24,True
TKT-11014,2026-06-09 13:00:00,2026-06-09 13:12:26.979344,Marketing,MFA Issue,Low,M. Singh,0.21,24,True
TKT-11015,2025-08-16 13:00:00,2025-08-16 14:12:00.545915,Finance,Password Reset,Low,T. O'Brien,1.2,24,True
TKT-11016,2026-01-15 14:00:00,2026-01-15 15:13:07.958883,HR,Permission Change,Medium,T. O'Brien,1.22,8,True
TKT-11017,2026-04-10 09:00:00,2026-04-10 10:43:03.159777,Marketing,MFA Issue,Medium,A. Palishchuk,1.72,8,True
TKT-11018,2025-10-08 12:00:00,2025-10-08 12:28:38.436775,Legal,Password Reset,Low,J. Nguyen,0.48,24,True
TKT-11019,2026-04-19 09:00:00,2026-04-19 12:13:55.077959,Legal,MFA Issue,Low,A. Palishchuk,3.23,24,True
TKT-11020,2025-08-22 09:00:00,2025-08-22 10:42:35.112170,Finance,Group Membership,Low,R. Costa,1.71,24,True
TKT-11021,2025-12-03 12:00:00,2025-12-03 15:42:44.581169,HR,Access Request,Low,A. Palishchuk,3.71,24,True
TKT-11022,2026-06-25 10:00:00,2026-06-25 11:27:22.862083,Sales,Access Request,Medium,R. Costa,1.46,8,True
TKT-11023,2025-08-27 16:00:00,2025-08-27 16:21:53.757860,Sales,SSO Login Failure,Medium,A. Palishchuk,0.36,8,True
TKT-11024,2025-09-16 16:00:00,2025-09-16 19:12:40.538071,Sales,Access Request,Low,J. Nguyen,3.21,24,True
TKT-11025,2025-11-24 12:00:00,2025-11-24 12:57:53.395109,Engineering,Account Lockout,High,T. O'Brien,0.96,2,True
TKT-11026,2026-03-16 12:00:00,2026-03-16 14:05:04.940855,Marketing,Group Membership,Medium,T. O'Brien,2.08,8,True
TKT-11027,2026-03-08 15:00:00,2026-03-08 17:40:01.519116,Legal,Permission Change,High,A. Palishchuk,2.67,2,False
TKT-11028,2026-02-10 17:00:00,2026-02-10 17:13:17.217445,HR,Account Lockout,Medium,R. Costa,0.22,8,True
TKT-11029,2025-07-06 15:00:00,2025-07-06 15:19:20.623492,HR,Device Enrollment,Medium,A. Palishchuk,0.32,8,True
TKT-11030,2025-08-09 12:00:00,2025-08-09 12:06:00.000000,Finance,Password Reset,Medium,A. Palishchuk,0.1,8,True
TKT-11031,2026-02-27 14:00:00,2026-02-27 15:26:17.295353,Engineering,SSO Login Failure,High,J. Nguyen,1.44,2,True
TKT-11032,2025-11-29 09:00:00,2025-11-29 09:52:36.681072,Engineering,MFA Issue,Medium,R. Costa,0.88,8,True
TKT-11033,2026-04-28 13:00:00,2026-04-28 13:06:00.000000,Sales,Account Lockout,Medium,R. Costa,0.1,8,True
TKT-11034,2026-02-21 08:00:00,2026-02-21 14:46:41.663814,Operations,Permission Change,Low,A. Palishchuk,6.78,24,True
TKT-11035,2025-10-21 12:00:00,2025-10-21 14:15:09.517781,Engineering,MFA Issue,Low,R. Costa,2.25,24,True
TKT-11036,2025-09-03 11:00:00,2025-09-03 11:25:08.261482,Finance,MFA Issue,Low,J. Nguyen,0.42,24,True
TKT-11037,2025-07-12 17:00:00,2025-07-12 17:49:15.302398,Marketing,Password Reset,Low,A. Palishchuk,0.82,24,True
TKT-11038,2025-08-22 17:00:00,2025-08-22 17:20:52.312913,Marketing,Password Reset,Low,R. Costa,0.35,24,True
TKT-11039,2026-04-12 15:00:00,2026-04-12 15:30:16.255798,Legal,Password Reset,Medium,J. Nguyen,0.5,8,True
TKT-11040,2025-09-18 14:00:00,2025-09-18 14:48:58.617285,Operations,MFA Issue,High,T. O'Brien,0.82,2,True
TKT-11041,2025-10-11 14:00:00,2025-10-11 15:16:03.739778,Sales,Password Reset,Medium,R. Costa,1.27,8,True
TKT-11042,2026-02-18 09:00:00,2026-02-18 09:16:06.254876,HR,Permission Change,Medium,A. Palishchuk,0.27,8,True
TKT-11043,2025-11-18 09:00:00,2025-11-18 09:10:29.870281,Legal,Account Lockout,Low,A. Palishchuk,0.17,24,True
TKT-11044,2025-12-17 12:00:00,2025-12-17 14:11:22.207248,Engineering,MFA Issue,High,R. Costa,2.19,2,False
TKT-11045,2025-09-23 12:00:00,2025-09-23 13:39:06.232984,HR,Group Membership,High,M. Singh,1.65,2,True
TKT-11046,2025-10-07 14:00:00,2025-10-07 23:36:54.041688,Legal,SSO Login Failure,Medium,A. Palishchuk,9.62,8,False
TKT-11047,2025-09-24 15:00:00,2025-09-24 22:05:35.824475,Sales,Access Request,Medium,J. Nguyen,7.09,8,True
TKT-11048,2026-02-23 15:00:00,2026-02-23 19:08:58.666895,Engineering,Access Request,High,M. Singh,4.15,2,False
TKT-11049,2025-10-22 11:00:00,2025-10-22 13:13:08.002516,Marketing,Group Membership,Medium,J. Nguyen,2.22,8,True
